Workbook

Sheet Start Here
A1: IRONMAN Cairns 2027 — 35-week plan (Andrew)
A2: 12 Oct 2026 → 13 Jun 2027 · 80/20 polarized · built 11 Oct 2026
A4: Key dates
A5: Wed–Fri 21–23 Oct 2026 | B5: Wedding week (Fri 23 Oct). Train Mon–Thu, Fri–Sat off, easy ride Sun 25 Oct.
A6: Mon 26 Oct 2026 | B6: Running returns: walk-run stage 1 (you passed 30 pain-free hops).
A7: Week 14 (11–17 Jan) | B7: Checkpoint: tibia + London go/no-go; FTP & CSS retests.
A8: Sun 21 Mar 2027 | B8: Gold Coast T100, 100km distance (2km / 80km / 18km). Your first triathlon and the half-distance tune-up.
A9: Sun 25 Apr 2027 | B9: London Marathon at Z2 (HR ≤149). Fly Wed 21 Apr; no road bike until Mon 10 May.
A10: Sun 13 Jun 2027 | B10: IRONMAN Cairns 🏁
A12: Goal: sub-11
A13: Target | B13: ~10:55: swim 1:05 · T1/T2 10' · bike 5:30 · run 4:10. Realistic today: ~11:30–12:15.
A14: What changes | B14: Volume stays the same (it's already near your 20h cap, and the tibia limits running). From week 15, IM power on long rides and Thursday blocks rises from 66–71% to 70–75% FTP. Every bike target scales with FTP, so retests raise them automatically.
A15: Biggest levers | B15: FTP to ~265–275W, a fitted TT bike by ~January with long rides in aero, and 90–100 g carbs/h on the bike.
A16: Decision | B16: Final race goal is set after the T100 test (21 Mar). Track FTP checkpoints on the Sub-11 tab.
A18: Recommendations (your Q3 & Q10)
A19: Lead-up races | B19: Yes, race once. Do the Gold Coast T100 100km race on Sun 21 Mar. It's at home, 12 weeks before Cairns, and the only chance to rehearse open-water mass starts, transitions and race fuelling. Race it controlled (see Calendar wk 23), not flat out, because London is 5 weeks later. If the wk-14 tibia check isn't clean, enter the Olympic distance on Sat 20 Mar instead. Optional: a local sprint in February for transition practice. Skip a separate 70.3: Geelong is on the same weekend as the T100.
A20: London block (21 Apr–9 May) | B20: Last ride Tue 20 Apr; the last long ride is Sat 17 Apr. In London, swim 3–4×/wk and lift 2×/wk. Use the gym's spin bike or Wattbike by heart rate (wks 29–30): it keeps your cycling legs and costs nothing. Marathon recovery: no running for 5 days, first run only if pain-free hopping. You return with ~5 weeks to Cairns, which is enough for a 2-week IM-specific block, a last big weekend and a 2-week taper.
A22: How the plan works
A23: Periodisation | B23: Transition (wks 1–2) → Base 1–3 (3–13) → Build 1–3 (15–27) → London (28–30) → Peak (31–33) → Taper (34–35). There's a recovery or test week roughly every 4th week: wks 6, 10, 14, 18, 22, 24.
A24: 10% rule | B24: No 'load' week's total hours go up more than 10% on the previous load week. Run km follow the same cap once continuous running is established (wk 9). Recovery, race and taper weeks are lower by design, so the first load week after one is compared with the last load week before it. Walk-run weeks 3–8 follow a return-to-run protocol instead, because 10% of zero is nothing. Weekly Summary shows the % change for every load week.
A25: 80/20 | B25: Most time is Z1–Z2. Hard work is Z4+ (bike VO2 and threshold, CSS swims, cruise intervals) with almost nothing in Z3. At this training age, time above Z2 sits at about 10% of training time; IM-power work sits at the top of Z2 power. Weekly Summary shows the high-intensity % for each week.
A26: Week shape | B26: Mon swim (or easy spin in open-water weeks) + easy run · Tue bike intervals, then Strength A later (hard day) · Wed CSS swim + run quality · Thu endurance bike + run · Fri long swim + Strength B · Sat long ride + brick · Sun long run + easy spin or open-water swim. Max 3 swims a week. Swims at midday; bikes and solo runs in the morning; on bike days the run is in the evening; gym in the evening (see the Calendar's When column). Weekdays ≤2h, two sessions on most days.
A27: Tibia rules | B27: Pain ≤2/10 during a run and nothing the next morning. If either fails, stop, take 2 days off and drop back one stage. Run on flat, soft surfaces at a slightly higher cadence, and use the soleus, tibialis and hop work in Strength A (bone loading). Run intensity only starts in wk 16, and only if the wk-14 checkpoint is clean. Any focal, pinpoint bone pain means seeing a sports doctor.
A28: Bike | B28: Zwift until your helmet, computer and Varia arrive. Then move the long rides outdoors at the same power. Practise the TT position as soon as the TT bike arrives (fit first).
A29: Swim | B29: 50m pool, so every rep is ≥50m and Apple Watch counts correctly. Open water starts in wk 17: buy the wetsuit by early February and do some non-wetsuit swims too.
A30: Nutrition | B30: Gut training. Long rides go 60→100 g carbs/h over the season (you've already managed 90 g/h running). Long runs 60–90 g/h. Sodium 500–1000 mg/h depending on sweat. Rehearse your exact race products at the T100 and London.
A31: Heat | B31: Cairns is warm and humid. Heat sessions start in wk 31: Zwift rides with no fan or an extra layer.
A32: Retests | B32: CSS: wks 6, 14, 18. FTP ramp: wks 6, 14, 22. After a test, update the yellow cells on the Zones tab. Calendar watt targets assume FTP 242W; scale them by your new FTP ÷ 242.
A33: Logging | B33: Tick the 'Done' column on the Calendar. Log FTP changes in Strava as 'FTP SET: [W]'.

Sheet Weekly Summary
A1: Week | B1: Week starts | C1: Phase | D1: Week type | E1: Focus | F1: Total h | G1: Swim h | H1: Bike h | I1: Run h | J1: Strength h | K1: Race h | L1: Swim km | M1: Run km | N1: Δ hours vs prev load wk | O1: Δ run km vs prev load wk | P1: High-intensity % (Z4+)
A2: 1 | B2: 46307 | C2: Transition | D2: load | E2: Post-holiday rebuild; swim & bike only (tibia still healing). | F2: =SUMIFS(Calendar!$G$2:$G$426,Calendar!$A$2:$A$426,$A2)/60 -> 7.6666667 | G2: =SUMIFS(Calendar!$G$2:$G$426,Calendar!$A$2:$A$426,$A2,Calendar!$E$2:$E$426,"Swim")/60 -> 2.4166667 | H2: =SUMIFS(Calendar!$G$2:$G$426,Calendar!$A$2:$A$426,$A2,Calendar!$E$2:$E$426,"Bike")/60 -> 4 | I2: =SUMIFS(Calendar!$G$2:$G$426,Calendar!$A$2:$A$426,$A2,Calendar!$E$2:$E$426,"Run")/60 -> 0 | J2: =SUMIFS(Calendar!$G$2:$G$426,Calendar!$A$2:$A$426,$A2,Calendar!$E$2:$E$426,"Strength")/60 -> 1.25 | K2: =SUMIFS(Calendar!$G$2:$G$426,Calendar!$A$2:$A$426,$A2,Calendar!$E$2:$E$426,"Race")/60 -> 0 | L2: =SUMIFS(Calendar!$H$2:$H$426,Calendar!$A$2:$A$426,$A2,Calendar!$E$2:$E$426,"Swim") -> 7.1 | M2: =SUMIFS(Calendar!$H$2:$H$426,Calendar!$A$2:$A$426,$A2,Calendar!$E$2:$E$426,"Run") -> 0 | N2: — | O2: — | P2: =IFERROR(SUMIFS(Calendar!$M$2:$M$426,Calendar!$A$2:$A$426,$A2)/((SUMIFS(Calendar!$G$2:$G$426,Calendar!$A$2:$A$426,$A2,Calendar!$E$2:$E$426,"Swim"))+(SUMIFS(Calendar!$G$2:$G$426,Calendar!$A$2:$A$426,$A2,Calendar!$E$2:$E$426,"Bike"))+(SUMIFS(Calendar!$G$2:$G$426,Calendar!$A$2:$A$426,$A2,Calendar!$E$2:$E$426,"Run"))),0) -> 0.090909091
A3: 2 | B3: 46314 | C3: Transition | D3: reduced | E3: Wedding week — light & fresh. Fri–Sat off; easy ride Sun. | F3: =SUMIFS(Calendar!$G$2:$G$426,Calendar!$A$2:$A$426,$A3)/60 -> 4.75 | G3: =SUMIFS(Calendar!$G$2:$G$426,Calendar!$A$2:$A$426,$A3,Calendar!$E$2:$E$426,"Swim")/60 -> 1.5 | H3: =SUMIFS(Calendar!$G$2:$G$426,Calendar!$A$2:$A$426,$A3,Calendar!$E$2:$E$426,"Bike")/60 -> 2.75 | I3: =SUMIFS(Calendar!$G$2:$G$426,Calendar!$A$2:$A$426,$A3,Calendar!$E$2:$E$426,"Run")/60 -> 0 | J3: =SUMIFS(Calendar!$G$2:$G$426,Calendar!$A$2:$A$426,$A3,Calendar!$E$2:$E$426,"Strength")/60 -> 0.5 | K3: =SUMIFS(Calendar!$G$2:$G$426,Calendar!$A$2:$A$426,$A3,Calendar!$E$2:$E$426,"Race")/60 -> 0 | L3: =SUMIFS(Calendar!$H$2:$H$426,Calendar!$A$2:$A$426,$A3,Calendar!$E$2:$E$426,"Swim") -> 4.3 | M3: =SUMIFS(Calendar!$H$2:$H$426,Calendar!$A$2:$A$426,$A3,Calendar!$E$2:$E$426,"Run") -> 0 | N3: — | O3: — | P3: =IFERROR(SUMIFS(Calendar!$M$2:$M$426,Calendar!$A$2:$A$426,$A3)/((SUMIFS(Calendar!$G$2:$G$426,Calendar!$A$2:$A$426,$A3,Calendar!$E$2:$E$426,"Swim"))+(SUMIFS(Calendar!$G$2:$G$426,Calendar!$A$2:$A$426,$A3,Calendar!$E$2:$E$426,"Bike"))+(SUMIFS(Calendar!$G$2:$G$426,Calendar!$A$2:$A$426,$A3,Calendar!$E$2:$E$426,"Run"))),0) -> 0.074509804
A4: 3 | B4: 46321 | C4: Base 1 | D4: load | E4: Run returns (walk-run stage 1, alternate days). Aerobic swim/bike base, VO2 touch on the bike. | F4: =SUMIFS(Calendar!$G$2:$G$426,Calendar!$A$2:$A$426,$A4)/60 -> 7.8333333 | G4: =SUMIFS(Calendar!$G$2:$G$426,Calendar!$A$2:$A$426,$A4,Calendar!$E$2:$E$426,"Swim")/60 -> 2.3333333 | H4: =SUMIFS(Calendar!$G$2:$G$426,Calendar!$A$2:$A$426,$A4,Calendar!$E$2:$E$426,"Bike")/60 -> 3.25 | I4: =SUMIFS(Calendar!$G$2:$G$426,Calendar!$A$2:$A$426,$A4,Calendar!$E$2:$E$426,"Run")/60 -> 1 | J4: =SUMIFS(Calendar!$G$2:$G$426,Calendar!$A$2:$A$426,$A4,Calendar!$E$2:$E$426,"Strength")/60 -> 1.25 | K4: =SUMIFS(Calendar!$G$2:$G$426,Calendar!$A$2:$A$426,$A4,Calendar!$E$2:$E$426,"Race")/60 -> 0 | L4: =SUMIFS(Calendar!$H$2:$H$426,Calendar!$A$2:$A$426,$A4,Calendar!$E$2:$E$426,"Swim") -> 6.8 | M4: =SUMIFS(Calendar!$H$2:$H$426,Calendar!$A$2:$A$426,$A4,Calendar!$E$2:$E$426,"Run") -> 3 | N4: =F4/F2-1 -> 0.02173913 | O4: — | P4: =IFERROR(SUMIFS(Calendar!$M$2:$M$426,Calendar!$A$2:$A$426,$A4)/((SUMIFS(Calendar!$G$2:$G$426,Calendar!$A$2:$A$426,$A4,Calendar!$E$2:$E$426,"Swim"))+(SUMIFS(Calendar!$G$2:$G$426,Calendar!$A$2:$A$426,$A4,Calendar!$E$2:$E$426,"Bike"))+(SUMIFS(Calendar!$G$2:$G$426,Calendar!$A$2:$A$426,$A4,Calendar!$E$2:$E$426,"Run"))),0) -> 0.096202532
A5: 4 | B5: 46328 | C5: Base 1 | D5: load | E5: Walk-run stage 2. | F5: =SUMIFS(Calendar!$G$2:$G$426,Calendar!$A$2:$A$426,$A5)/60 -> 8.5 | G5: =SUMIFS(Calendar!$G$2:$G$426,Calendar!$A$2:$A$426,$A5,Calendar!$E$2:$E$426,"Swim")/60 -> 2.5 | H5: =SUMIFS(Calendar!$G$2:$G$426,Calendar!$A$2:$A$426,$A5,Calendar!$E$2:$E$426,"Bike")/60 -> 3.5 | I5: =SUMIFS(Calendar!$G$2:$G$426,Calendar!$A$2:$A$426,$A5,Calendar!$E$2:$E$426,"Run")/60 -> 1.25 | J5: =SUMIFS(Calendar!$G$2:$G$426,Calendar!$A$2:$A$426,$A5,Calendar!$E$2:$E$426,"Strength")/60 -> 1.25 | K5: =SUMIFS(Calendar!$G$2:$G$426,Calendar!$A$2:$A$426,$A5,Calendar!$E$2:$E$426,"Race")/60 -> 0 | L5: =SUMIFS(Calendar!$H$2:$H$426,Calendar!$A$2:$A$426,$A5,Calendar!$E$2:$E$426,"Swim") -> 7.4 | M5: =SUMIFS(Calendar!$H$2:$H$426,Calendar!$A$2:$A$426,$A5,Calendar!$E$2:$E$426,"Run") -> 6 | N5: =F5/F4-1 -> 0.085106383 | O5: — | P5: =IFERROR(SUMIFS(Calendar!$M$2:$M$426,Calendar!$A$2:$A$426,$A5)/((SUMIFS(Calendar!$G$2:$G$426,Calendar!$A$2:$A$426,$A5,Calendar!$E$2:$E$426,"Swim"))+(SUMIFS(Calendar!$G$2:$G$426,Calendar!$A$2:$A$426,$A5,Calendar!$E$2:$E$426,"Bike"))+(SUMIFS(Calendar!$G$2:$G$426,Calendar!$A$2:$A$426,$A5,Calendar!$E$2:$E$426,"Run"))),0) -> 0.094252874
A6: 5 | B6: 46335 | C6: Base 1 | D6: load | E6: Walk-run stage 3. Biggest base-1 week. | F6: =SUMIFS(Calendar!$G$2:$G$426,Calendar!$A$2:$A$426,$A6)/60 -> 9.3333333 | G6: =SUMIFS(Calendar!$G$2:$G$426,Calendar!$A$2:$A$426,$A6,Calendar!$E$2:$E$426,"Swim")/60 -> 2.75 | H6: =SUMIFS(Calendar!$G$2:$G$426,Calendar!$A$2:$A$426,$A6,Calendar!$E$2:$E$426,"Bike")/60 -> 3.8333333 | I6: =SUMIFS(Calendar!$G$2:$G$426,Calendar!$A$2:$A$426,$A6,Calendar!$E$2:$E$426,"Run")/60 -> 1.5 | J6: =SUMIFS(Calendar!$G$2:$G$426,Calendar!$A$2:$A$426,$A6,Calendar!$E$2:$E$426,"Strength")/60 -> 1.25 | K6: =SUMIFS(Calendar!$G$2:$G$426,Calendar!$A$2:$A$426,$A6,Calendar!$E$2:$E$426,"Race")/60 -> 0 | L6: =SUMIFS(Calendar!$H$2:$H$426,Calendar!$A$2:$A$426,$A6,Calendar!$E$2:$E$426,"Swim") -> 8.2 | M6: =SUMIFS(Calendar!$H$2:$H$426,Calendar!$A$2:$A$426,$A6,Calendar!$E$2:$E$426,"Run") -> 9.9 | N6: =F6/F5-1 -> 0.098039216 | O6: — | P6: =IFERROR(SUMIFS(Calendar!$M$2:$M$426,Calendar!$A$2:$A$426,$A6)/((SUMIFS(Calendar!$G$2:$G$426,Calendar!$A$2:$A$426,$A6,Calendar!$E$2:$E$426,"Swim"))+(SUMIFS(Calendar!$G$2:$G$426,Calendar!$A$2:$A$426,$A6,Calendar!$E$2:$E$426,"Bike"))+(SUMIFS(Calendar!$G$2:$G$426,Calendar!$A$2:$A$426,$A6,Calendar!$E$2:$E$426,"Run"))),0) -> 0.094845361
A7: 6 | B7: 46342 | C7: Base 1 | D7: recovery | E7: Recovery + tests (CSS Wed, FTP ramp Sat). Hold walk-run stage 3. | F7: =SUMIFS(Calendar!$G$2:$G$426,Calendar!$A$2:$A$426,$A7)/60 -> 6.8333333 | G7: =SUMIFS(Calendar!$G$2:$G$426,Calendar!$A$2:$A$426,$A7,Calendar!$E$2:$E$426,"Swim")/60 -> 2.1666667 | H7: =SUMIFS(Calendar!$G$2:$G$426,Calendar!$A$2:$A$426,$A7,Calendar!$E$2:$E$426,"Bike")/60 -> 2.1666667 | I7: =SUMIFS(Calendar!$G$2:$G$426,Calendar!$A$2:$A$426,$A7,Calendar!$E$2:$E$426,"Run")/60 -> 1.5 | J7: =SUMIFS(Calendar!$G$2:$G$426,Calendar!$A$2:$A$426,$A7,Calendar!$E$2:$E$426,"Strength")/60 -> 1 | K7: =SUMIFS(Calendar!$G$2:$G$426,Calendar!$A$2:$A$426,$A7,Calendar!$E$2:$E$426,"Race")/60 -> 0 | L7: =SUMIFS(Calendar!$H$2:$H$426,Calendar!$A$2:$A$426,$A7,Calendar!$E$2:$E$426,"Swim") -> 5.8 | M7: =SUMIFS(Calendar!$H$2:$H$426,Calendar!$A$2:$A$426,$A7,Calendar!$E$2:$E$426,"Run") -> 9.9 | N7: — | O7: — | P7: =IFERROR(SUMIFS(Calendar!$M$2:$M$426,Calendar!$A$2:$A$426,$A7)/((SUMIFS(Calendar!$G$2:$G$426,Calendar!$A$2:$A$426,$A7,Calendar!$E$2:$E$426,"Swim"))+(SUMIFS(Calendar!$G$2:$G$426,Calendar!$A$2:$A$426,$A7,Calendar!$E$2:$E$426,"Bike"))+(SUMIFS(Calendar!$G$2:$G$426,Calendar!$A$2:$A$426,$A7,Calendar!$E$2:$E$426,"Run"))),0) -> 0.051428571
A8: 7 | B8: 46349 | C8: Base 2 | D8: load | E8: Walk-run stage 4, then continuous running next week. | F8: =SUMIFS(Calendar!$G$2:$G$426,Calendar!$A$2:$A$426,$A8)/60 -> 10.25 | G8: =SUMIFS(Calendar!$G$2:$G$426,Calendar!$A$2:$A$426,$A8,Calendar!$E$2:$E$426,"Swim")/60 -> 2.75 | H8: =SUMIFS(Calendar!$G$2:$G$426,Calendar!$A$2:$A$426,$A8,Calendar!$E$2:$E$426,"Bike")/60 -> 4.5833333 | I8: =SUMIFS(Calendar!$G$2:$G$426,Calendar!$A$2:$A$426,$A8,Calendar!$E$2:$E$426,"Run")/60 -> 1.5 | J8: =SUMIFS(Calendar!$G$2:$G$426,Calendar!$A$2:$A$426,$A8,Calendar!$E$2:$E$426,"Strength")/60 -> 1.4166667 | K8: =SUMIFS(Calendar!$G$2:$G$426,Calendar!$A$2:$A$426,$A8,Calendar!$E$2:$E$426,"Race")/60 -> 0 | L8: =SUMIFS(Calendar!$H$2:$H$426,Calendar!$A$2:$A$426,$A8,Calendar!$E$2:$E$426,"Swim") -> 8.2 | M8: =SUMIFS(Calendar!$H$2:$H$426,Calendar!$A$2:$A$426,$A8,Calendar!$E$2:$E$426,"Run") -> 12 | N8: =F8/F6-1 -> 0.098214286 | O8: — | P8: =IFERROR(SUMIFS(Calendar!$M$2:$M$426,Calendar!$A$2:$A$426,$A8)/((SUMIFS(Calendar!$G$2:$G$426,Calendar!$A$2:$A$426,$A8,Calendar!$E$2:$E$426,"Swim"))+(SUMIFS(Calendar!$G$2:$G$426,Calendar!$A$2:$A$426,$A8,Calendar!$E$2:$E$426,"Bike"))+(SUMIFS(Calendar!$G$2:$G$426,Calendar!$A$2:$A$426,$A8,Calendar!$E$2:$E$426,"Run"))),0) -> 0.094339623
A9: 8 | B9: 46356 | C9: Base 2 | D9: load | E9: First continuous runs (25–30'). Long ride 2h45. | F9: =SUMIFS(Calendar!$G$2:$G$426,Calendar!$A$2:$A$426,$A9)/60 -> 11.166667 | G9: =SUMIFS(Calendar!$G$2:$G$426,Calendar!$A$2:$A$426,$A9,Calendar!$E$2:$E$426,"Swim")/60 -> 3 | H9: =SUMIFS(Calendar!$G$2:$G$426,Calendar!$A$2:$A$426,$A9,Calendar!$E$2:$E$426,"Bike")/60 -> 5.3333333 | I9: =SUMIFS(Calendar!$G$2:$G$426,Calendar!$A$2:$A$426,$A9,Calendar!$E$2:$E$426,"Run")/60 -> 1.4166667 | J9: =SUMIFS(Calendar!$G$2:$G$426,Calendar!$A$2:$A$426,$A9,Calendar!$E$2:$E$426,"Strength")/60 -> 1.4166667 | K9: =SUMIFS(Calendar!$G$2:$G$426,Calendar!$A$2:$A$426,$A9,Calendar!$E$2:$E$426,"Race")/60 -> 0 | L9: =SUMIFS(Calendar!$H$2:$H$426,Calendar!$A$2:$A$426,$A9,Calendar!$E$2:$E$426,"Swim") -> 8.8 | M9: =SUMIFS(Calendar!$H$2:$H$426,Calendar!$A$2:$A$426,$A9,Calendar!$E$2:$E$426,"Run") -> 14.2 | N9: =F9/F8-1 -> 0.089430894 | O9: — | P9: =IFERROR(SUMIFS(Calendar!$M$2:$M$426,Calendar!$A$2:$A$426,$A9)/((SUMIFS(Calendar!$G$2:$G$426,Calendar!$A$2:$A$426,$A9,Calendar!$E$2:$E$426,"Swim"))+(SUMIFS(Calendar!$G$2:$G$426,Calendar!$A$2:$A$426,$A9,Calendar!$E$2:$E$426,"Bike"))+(SUMIFS(Calendar!$G$2:$G$426,Calendar!$A$2:$A$426,$A9,Calendar!$E$2:$E$426,"Run"))),0) -> 0.092307692
A10: 9 | B10: 46363 | C10: Base 2 | D10: load | E10: Continuous running established (4 runs incl. first brick). Run volume now capped at +10%/wk. | F10: =SUMIFS(Calendar!$G$2:$G$426,Calendar!$A$2:$A$426,$A10)/60 -> 12 | G10: =SUMIFS(Calendar!$G$2:$G$426,Calendar!$A$2:$A$426,$A10,Calendar!$E$2:$E$426,"Swim")/60 -> 3 | H10: =SUMIFS(Calendar!$G$2:$G$426,Calendar!$A$2:$A$426,$A10,Calendar!$E$2:$E$426,"Bike")/60 -> 5.75 | I10: =SUMIFS(Calendar!$G$2:$G$426,Calendar!$A$2:$A$426,$A10,Calendar!$E$2:$E$426,"Run")/60 -> 1.8333333 | J10: =SUMIFS(Calendar!$G$2:$G$426,Calendar!$A$2:$A$426,$A10,Calendar!$E$2:$E$426,"Strength")/60 -> 1.4166667 | K10: =SUMIFS(Calendar!$G$2:$G$426,Calendar!$A$2:$A$426,$A10,Calendar!$E$2:$E$426,"Race")/60 -> 0 | L10: =SUMIFS(Calendar!$H$2:$H$426,Calendar!$A$2:$A$426,$A10,Calendar!$E$2:$E$426,"Swim") -> 8.8 | M10: =SUMIFS(Calendar!$H$2:$H$426,Calendar!$A$2:$A$426,$A10,Calendar!$E$2:$E$426,"Run") -> 18.4 | N10: =F10/F9-1 -> 0.074626866 | O10: — | P10: =IFERROR(SUMIFS(Calendar!$M$2:$M$426,Calendar!$A$2:$A$426,$A10)/((SUMIFS(Calendar!$G$2:$G$426,Calendar!$A$2:$A$426,$A10,Calendar!$E$2:$E$426,"Swim"))+(SUMIFS(Calendar!$G$2:$G$426,Calendar!$A$2:$A$426,$A10,Calendar!$E$2:$E$426,"Bike"))+(SUMIFS(Calendar!$G$2:$G$426,Calendar!$A$2:$A$426,$A10,Calendar!$E$2:$E$426,"Run"))),0) -> 0.092913386
A11: 10 | B11: 46370 | C11: Base 2 | D11: recovery | E11: Recovery week (~70%). | F11: =SUMIFS(Calendar!$G$2:$G$426,Calendar!$A$2:$A$426,$A11)/60 -> 8.1666667 | G11: =SUMIFS(Calendar!$G$2:$G$426,Calendar!$A$2:$A$426,$A11,Calendar!$E$2:$E$426,"Swim")/60 -> 2.1666667 | H11: =SUMIFS(Calendar!$G$2:$G$426,Calendar!$A$2:$A$426,$A11,Calendar!$E$2:$E$426,"Bike")/60 -> 3.5 | I11: =SUMIFS(Calendar!$G$2:$G$426,Calendar!$A$2:$A$426,$A11,Calendar!$E$2:$E$426,"Run")/60 -> 1.5 | J11: =SUMIFS(Calendar!$G$2:$G$426,Calendar!$A$2:$A$426,$A11,Calendar!$E$2:$E$426,"Strength")/60 -> 1 | K11: =SUMIFS(Calendar!$G$2:$G$426,Calendar!$A$2:$A$426,$A11,Calendar!$E$2:$E$426,"Race")/60 -> 0 | L11: =SUMIFS(Calendar!$H$2:$H$426,Calendar!$A$2:$A$426,$A11,Calendar!$E$2:$E$426,"Swim") -> 6.1 | M11: =SUMIFS(Calendar!$H$2:$H$426,Calendar!$A$2:$A$426,$A11,Calendar!$E$2:$E$426,"Run") -> 15 | N11: — | O11: — | P11: =IFERROR(SUMIFS(Calendar!$M$2:$M$426,Calendar!$A$2:$A$426,$A11)/((SUMIFS(Calendar!$G$2:$G$426,Calendar!$A$2:$A$426,$A11,Calendar!$E$2:$E$426,"Swim"))+(SUMIFS(Calendar!$G$2:$G$426,Calendar!$A$2:$A$426,$A11,Calendar!$E$2:$E$426,"Bike"))+(SUMIFS(Calendar!$G$2:$G$426,Calendar!$A$2:$A$426,$A11,Calendar!$E$2:$E$426,"Run"))),0) -> 0.044186047
A12: 11 | B12: 46377 | C12: Base 3 | D12: load | E12: Christmas week — Fri is optional/easy. Threshold work begins on the bike. | F12: =SUMIFS(Calendar!$G$2:$G$426,Calendar!$A$2:$A$426,$A12)/60 -> 11.55 | G12: =SUMIFS(Calendar!$G$2:$G$426,Calendar!$A$2:$A$426,$A12,Calendar!$E$2:$E$426,"Swim")/60 -> 2.75 | H12: =SUMIFS(Calendar!$G$2:$G$426,Calendar!$A$2:$A$426,$A12,Calendar!$E$2:$E$426,"Bike")/60 -> 5.4166667 | I12: =SUMIFS(Calendar!$G$2:$G$426,Calendar!$A$2:$A$426,$A12,Calendar!$E$2:$E$426,"Run")/60 -> 1.9666667 | J12: =SUMIFS(Calendar!$G$2:$G$426,Calendar!$A$2:$A$426,$A12,Calendar!$E$2:$E$426,"Strength")/60 -> 1.4166667 | K12: =SUMIFS(Calendar!$G$2:$G$426,Calendar!$A$2:$A$426,$A12,Calendar!$E$2:$E$426,"Race")/60 -> 0 | L12: =SUMIFS(Calendar!$H$2:$H$426,Calendar!$A$2:$A$426,$A12,Calendar!$E$2:$E$426,"Swim") -> 8 | M12: =SUMIFS(Calendar!$H$2:$H$426,Calendar!$A$2:$A$426,$A12,Calendar!$E$2:$E$426,"Run") -> 19.7 | N12: =F12/F10-1 -> -0.0375 | O12: =M12/M10-1 -> 0.070652174 | P12: =IFERROR(SUMIFS(Calendar!$M$2:$M$426,Calendar!$A$2:$A$426,$A12)/((SUMIFS(Calendar!$G$2:$G$426,Calendar!$A$2:$A$426,$A12,Calendar!$E$2:$E$426,"Swim"))+(SUMIFS(Calendar!$G$2:$G$426,Calendar!$A$2:$A$426,$A12,Calendar!$E$2:$E$426,"Bike"))+(SUMIFS(Calendar!$G$2:$G$426,Calendar!$A$2:$A$426,$A12,Calendar!$E$2:$E$426,"Run"))),0) -> 0.10361842
A13: 12 | B13: 46384 | C13: Base 3 | D13: load | E13: Strides added. Long ride 3h15. | F13: =SUMIFS(Calendar!$G$2:$G$426,Calendar!$A$2:$A$426,$A13)/60 -> 12.566667 | G13: =SUMIFS(Calendar!$G$2:$G$426,Calendar!$A$2:$A$426,$A13,Calendar!$E$2:$E$426,"Swim")/60 -> 3 | H13: =SUMIFS(Calendar!$G$2:$G$426,Calendar!$A$2:$A$426,$A13,Calendar!$E$2:$E$426,"Bike")/60 -> 6 | I13: =SUMIFS(Calendar!$G$2:$G$426,Calendar!$A$2:$A$426,$A13,Calendar!$E$2:$E$426,"Run")/60 -> 2.15 | J13: =SUMIFS(Calendar!$G$2:$G$426,Calendar!$A$2:$A$426,$A13,Calendar!$E$2:$E$426,"Strength")/60 -> 1.4166667 | K13: =SUMIFS(Calendar!$G$2:$G$426,Calendar!$A$2:$A$426,$A13,Calendar!$E$2:$E$426,"Race")/60 -> 0 | L13: =SUMIFS(Calendar!$H$2:$H$426,Calendar!$A$2:$A$426,$A13,Calendar!$E$2:$E$426,"Swim") -> 8.8 | M13: =SUMIFS(Calendar!$H$2:$H$426,Calendar!$A$2:$A$426,$A13,Calendar!$E$2:$E$426,"Run") -> 21.5 | N13: =F13/F12-1 -> 0.088023088 | O13: =M13/M12-1 -> 0.091370558 | P13: =IFERROR(SUMIFS(Calendar!$M$2:$M$426,Calendar!$A$2:$A$426,$A13)/((SUMIFS(Calendar!$G$2:$G$426,Calendar!$A$2:$A$426,$A13,Calendar!$E$2:$E$426,"Swim"))+(SUMIFS(Calendar!$G$2:$G$426,Calendar!$A$2:$A$426,$A13,Calendar!$E$2:$E$426,"Bike"))+(SUMIFS(Calendar!$G$2:$G$426,Calendar!$A$2:$A$426,$A13,Calendar!$E$2:$E$426,"Run"))),0) -> 0.10014948
A14: 13 | B14: 46391 | C14: Base 3 | D14: load | E14: Biggest base week. | F14: =SUMIFS(Calendar!$G$2:$G$426,Calendar!$A$2:$A$426,$A14)/60 -> 13.416667 | G14: =SUMIFS(Calendar!$G$2:$G$426,Calendar!$A$2:$A$426,$A14,Calendar!$E$2:$E$426,"Swim")/60 -> 3.1666667 | H14: =SUMIFS(Calendar!$G$2:$G$426,Calendar!$A$2:$A$426,$A14,Calendar!$E$2:$E$426,"Bike")/60 -> 6.5 | I14: =SUMIFS(Calendar!$G$2:$G$426,Calendar!$A$2:$A$426,$A14,Calendar!$E$2:$E$426,"Run")/60 -> 2.3333333 | J14: =SUMIFS(Calendar!$G$2:$G$426,Calendar!$A$2:$A$426,$A14,Calendar!$E$2:$E$426,"Strength")/60 -> 1.4166667 | K14: =SUMIFS(Calendar!$G$2:$G$426,Calendar!$A$2:$A$426,$A14,Calendar!$E$2:$E$426,"Race")/60 -> 0 | L14: =SUMIFS(Calendar!$H$2:$H$426,Calendar!$A$2:$A$426,$A14,Calendar!$E$2:$E$426,"Swim") -> 9.3 | M14: =SUMIFS(Calendar!$H$2:$H$426,Calendar!$A$2:$A$426,$A14,Calendar!$E$2:$E$426,"Run") -> 23.3 | N14: =F14/F13-1 -> 0.067639257 | O14: =M14/M13-1 -> 0.08372093 | P14: =IFERROR(SUMIFS(Calendar!$M$2:$M$426,Calendar!$A$2:$A$426,$A14)/((SUMIFS(Calendar!$G$2:$G$426,Calendar!$A$2:$A$426,$A14,Calendar!$E$2:$E$426,"Swim"))+(SUMIFS(Calendar!$G$2:$G$426,Calendar!$A$2:$A$426,$A14,Calendar!$E$2:$E$426,"Bike"))+(SUMIFS(Calendar!$G$2:$G$426,Calendar!$A$2:$A$426,$A14,Calendar!$E$2:$E$426,"Run"))),0) -> 0.10416667
A15: 14 | B15: 46398 | C15: Base 3 | D15: recovery | E15: Recovery + tests. CHECKPOINT: tibia symptom-free on all runs since wk 8? If yes → London stays on & run intensity unlocks from wk 16. If not → see a sports doctor; drop London to the Olympic/T100 plan only. | F15: =SUMIFS(Calendar!$G$2:$G$426,Calendar!$A$2:$A$426,$A15)/60 -> 9.25 | G15: =SUMIFS(Calendar!$G$2:$G$426,Calendar!$A$2:$A$426,$A15,Calendar!$E$2:$E$426,"Swim")/60 -> 2.1666667 | H15: =SUMIFS(Calendar!$G$2:$G$426,Calendar!$A$2:$A$426,$A15,Calendar!$E$2:$E$426,"Bike")/60 -> 4.25 | I15: =SUMIFS(Calendar!$G$2:$G$426,Calendar!$A$2:$A$426,$A15,Calendar!$E$2:$E$426,"Run")/60 -> 1.8333333 | J15: =SUMIFS(Calendar!$G$2:$G$426,Calendar!$A$2:$A$426,$A15,Calendar!$E$2:$E$426,"Strength")/60 -> 1 | K15: =SUMIFS(Calendar!$G$2:$G$426,Calendar!$A$2:$A$426,$A15,Calendar!$E$2:$E$426,"Race")/60 -> 0 | L15: =SUMIFS(Calendar!$H$2:$H$426,Calendar!$A$2:$A$426,$A15,Calendar!$E$2:$E$426,"Swim") -> 5.8 | M15: =SUMIFS(Calendar!$H$2:$H$426,Calendar!$A$2:$A$426,$A15,Calendar!$E$2:$E$426,"Run") -> 18.3 | N15: — | O15: — | P15: =IFERROR(SUMIFS(Calendar!$M$2:$M$426,Calendar!$A$2:$A$426,$A15)/((SUMIFS(Calendar!$G$2:$G$426,Calendar!$A$2:$A$426,$A15,Calendar!$E$2:$E$426,"Swim"))+(SUMIFS(Calendar!$G$2:$G$426,Calendar!$A$2:$A$426,$A15,Calendar!$E$2:$E$426,"Bike"))+(SUMIFS(Calendar!$G$2:$G$426,Calendar!$A$2:$A$426,$A15,Calendar!$E$2:$E$426,"Run"))),0) -> 0.04040404
A16: 15 | B16: 46405 | C16: Build 1 | D16: load | E16: Build begins: threshold bike, IM-power blocks on long rides, open water from wk 17. | F16: =SUMIFS(Calendar!$G$2:$G$426,Calendar!$A$2:$A$426,$A16)/60 -> 13.616667 | G16: =SUMIFS(Calendar!$G$2:$G$426,Calendar!$A$2:$A$426,$A16,Calendar!$E$2:$E$426,"Swim")/60 -> 3.0833333 | H16: =SUMIFS(Calendar!$G$2:$G$426,Calendar!$A$2:$A$426,$A16,Calendar!$E$2:$E$426,"Bike")/60 -> 6.8333333 | I16: =SUMIFS(Calendar!$G$2:$G$426,Calendar!$A$2:$A$426,$A16,Calendar!$E$2:$E$426,"Run")/60 -> 2.5333333 | J16: =SUMIFS(Calendar!$G$2:$G$426,Calendar!$A$2:$A$426,$A16,Calendar!$E$2:$E$426,"Strength")/60 -> 1.1666667 | K16: =SUMIFS(Calendar!$G$2:$G$426,Calendar!$A$2:$A$426,$A16,Calendar!$E$2:$E$426,"Race")/60 -> 0 | L16: =SUMIFS(Calendar!$H$2:$H$426,Calendar!$A$2:$A$426,$A16,Calendar!$E$2:$E$426,"Swim") -> 9 | M16: =SUMIFS(Calendar!$H$2:$H$426,Calendar!$A$2:$A$426,$A16,Calendar!$E$2:$E$426,"Run") -> 25.3 | N16: =F16/F14-1 -> 0.014906832 | O16: =M16/M14-1 -> 0.08583691 | P16: =IFERROR(SUMIFS(Calendar!$M$2:$M$426,Calendar!$A$2:$A$426,$A16)/((SUMIFS(Calendar!$G$2:$G$426,Calendar!$A$2:$A$426,$A16,Calendar!$E$2:$E$426,"Swim"))+(SUMIFS(Calendar!$G$2:$G$426,Calendar!$A$2:$A$426,$A16,Calendar!$E$2:$E$426,"Bike"))+(SUMIFS(Calendar!$G$2:$G$426,Calendar!$A$2:$A$426,$A16,Calendar!$E$2:$E$426,"Run"))),0) -> 0.10174029
A17: 16 | B17: 46412 | C17: Build 1 | D17: load | E17: First run quality (cruise intervals) — only if wk 14 checkpoint passed. | F17: =SUMIFS(Calendar!$G$2:$G$426,Calendar!$A$2:$A$426,$A17)/60 -> 14.216667 | G17: =SUMIFS(Calendar!$G$2:$G$426,Calendar!$A$2:$A$426,$A17,Calendar!$E$2:$E$426,"Swim")/60 -> 3.1666667 | H17: =SUMIFS(Calendar!$G$2:$G$426,Calendar!$A$2:$A$426,$A17,Calendar!$E$2:$E$426,"Bike")/60 -> 7.1666667 | I17: =SUMIFS(Calendar!$G$2:$G$426,Calendar!$A$2:$A$426,$A17,Calendar!$E$2:$E$426,"Run")/60 -> 2.7166667 | J17: =SUMIFS(Calendar!$G$2:$G$426,Calendar!$A$2:$A$426,$A17,Calendar!$E$2:$E$426,"Strength")/60 -> 1.1666667 | K17: =SUMIFS(Calendar!$G$2:$G$426,Calendar!$A$2:$A$426,$A17,Calendar!$E$2:$E$426,"Race")/60 -> 0 | L17: =SUMIFS(Calendar!$H$2:$H$426,Calendar!$A$2:$A$426,$A17,Calendar!$E$2:$E$426,"Swim") -> 9.3 | M17: =SUMIFS(Calendar!$H$2:$H$426,Calendar!$A$2:$A$426,$A17,Calendar!$E$2:$E$426,"Run") -> 27.2 | N17: =F17/F16-1 -> 0.044063647 | O17: =M17/M16-1 -> 0.075098814 | P17: =IFERROR(SUMIFS(Calendar!$M$2:$M$426,Calendar!$A$2:$A$426,$A17)/((SUMIFS(Calendar!$G$2:$G$426,Calendar!$A$2:$A$426,$A17,Calendar!$E$2:$E$426,"Swim"))+(SUMIFS(Calendar!$G$2:$G$426,Calendar!$A$2:$A$426,$A17,Calendar!$E$2:$E$426,"Bike"))+(SUMIFS(Calendar!$G$2:$G$426,Calendar!$A$2:$A$426,$A17,Calendar!$E$2:$E$426,"Run"))),0) -> 0.11621967
A18: 17 | B18: 46419 | C18: Build 1 | D18: load | E18: Open-water swims start Sundays. Get the wetsuit before this week. | F18: =SUMIFS(Calendar!$G$2:$G$426,Calendar!$A$2:$A$426,$A18)/60 -> 14.65 | G18: =SUMIFS(Calendar!$G$2:$G$426,Calendar!$A$2:$A$426,$A18,Calendar!$E$2:$E$426,"Swim")/60 -> 2.9166667 | H18: =SUMIFS(Calendar!$G$2:$G$426,Calendar!$A$2:$A$426,$A18,Calendar!$E$2:$E$426,"Bike")/60 -> 7.6666667 | I18: =SUMIFS(Calendar!$G$2:$G$426,Calendar!$A$2:$A$426,$A18,Calendar!$E$2:$E$426,"Run")/60 -> 2.9 | J18: =SUMIFS(Calendar!$G$2:$G$426,Calendar!$A$2:$A$426,$A18,Calendar!$E$2:$E$426,"Strength")/60 -> 1.1666667 | K18: =SUMIFS(Calendar!$G$2:$G$426,Calendar!$A$2:$A$426,$A18,Calendar!$E$2:$E$426,"Race")/60 -> 0 | L18: =SUMIFS(Calendar!$H$2:$H$426,Calendar!$A$2:$A$426,$A18,Calendar!$E$2:$E$426,"Swim") -> 8.4 | M18: =SUMIFS(Calendar!$H$2:$H$426,Calendar!$A$2:$A$426,$A18,Calendar!$E$2:$E$426,"Run") -> 29 | N18: =F18/F17-1 -> 0.030480657 | O18: =M18/M17-1 -> 0.066176471 | P18: =IFERROR(SUMIFS(Calendar!$M$2:$M$426,Calendar!$A$2:$A$426,$A18)/((SUMIFS(Calendar!$G$2:$G$426,Calendar!$A$2:$A$426,$A18,Calendar!$E$2:$E$426,"Swim"))+(SUMIFS(Calendar!$G$2:$G$426,Calendar!$A$2:$A$426,$A18,Calendar!$E$2:$E$426,"Bike"))+(SUMIFS(Calendar!$G$2:$G$426,Calendar!$A$2:$A$426,$A18,Calendar!$E$2:$E$426,"Run"))),0) -> 0.12855377
A19: 18 | B19: 46426 | C19: Build 1 | D19: recovery | E19: Recovery + CSS retest. | F19: =SUMIFS(Calendar!$G$2:$G$426,Calendar!$A$2:$A$426,$A19)/60 -> 10.833333 | G19: =SUMIFS(Calendar!$G$2:$G$426,Calendar!$A$2:$A$426,$A19,Calendar!$E$2:$E$426,"Swim")/60 -> 2 | H19: =SUMIFS(Calendar!$G$2:$G$426,Calendar!$A$2:$A$426,$A19,Calendar!$E$2:$E$426,"Bike")/60 -> 5.5 | I19: =SUMIFS(Calendar!$G$2:$G$426,Calendar!$A$2:$A$426,$A19,Calendar!$E$2:$E$426,"Run")/60 -> 2.4166667 | J19: =SUMIFS(Calendar!$G$2:$G$426,Calendar!$A$2:$A$426,$A19,Calendar!$E$2:$E$426,"Strength")/60 -> 0.91666667 | K19: =SUMIFS(Calendar!$G$2:$G$426,Calendar!$A$2:$A$426,$A19,Calendar!$E$2:$E$426,"Race")/60 -> 0 | L19: =SUMIFS(Calendar!$H$2:$H$426,Calendar!$A$2:$A$426,$A19,Calendar!$E$2:$E$426,"Swim") -> 5.2 | M19: =SUMIFS(Calendar!$H$2:$H$426,Calendar!$A$2:$A$426,$A19,Calendar!$E$2:$E$426,"Run") -> 24.1 | N19: — | O19: — | P19: =IFERROR(SUMIFS(Calendar!$M$2:$M$426,Calendar!$A$2:$A$426,$A19)/((SUMIFS(Calendar!$G$2:$G$426,Calendar!$A$2:$A$426,$A19,Calendar!$E$2:$E$426,"Swim"))+(SUMIFS(Calendar!$G$2:$G$426,Calendar!$A$2:$A$426,$A19,Calendar!$E$2:$E$426,"Bike"))+(SUMIFS(Calendar!$G$2:$G$426,Calendar!$A$2:$A$426,$A19,Calendar!$E$2:$E$426,"Run"))),0) -> 0.025210084
A20: 19 | B20: 46433 | C20: Build 2 | D20: load | E20: Optional: a local sprint tri on Sun 21 Feb for transition practice (swap for Sun long run). | F20: =SUMIFS(Calendar!$G$2:$G$426,Calendar!$A$2:$A$426,$A20)/60 -> 15.1 | G20: =SUMIFS(Calendar!$G$2:$G$426,Calendar!$A$2:$A$426,$A20,Calendar!$E$2:$E$426,"Swim")/60 -> 2.9166667 | H20: =SUMIFS(Calendar!$G$2:$G$426,Calendar!$A$2:$A$426,$A20,Calendar!$E$2:$E$426,"Bike")/60 -> 7.9166667 | I20: =SUMIFS(Calendar!$G$2:$G$426,Calendar!$A$2:$A$426,$A20,Calendar!$E$2:$E$426,"Run")/60 -> 3.1 | J20: =SUMIFS(Calendar!$G$2:$G$426,Calendar!$A$2:$A$426,$A20,Calendar!$E$2:$E$426,"Strength")/60 -> 1.1666667 | K20: =SUMIFS(Calendar!$G$2:$G$426,Calendar!$A$2:$A$426,$A20,Calendar!$E$2:$E$426,"Race")/60 -> 0 | L20: =SUMIFS(Calendar!$H$2:$H$426,Calendar!$A$2:$A$426,$A20,Calendar!$E$2:$E$426,"Swim") -> 8.4 | M20: =SUMIFS(Calendar!$H$2:$H$426,Calendar!$A$2:$A$426,$A20,Calendar!$E$2:$E$426,"Run") -> 31 | N20: =F20/F18-1 -> 0.030716724 | O20: =M20/M18-1 -> 0.068965517 | P20: =IFERROR(SUMIFS(Calendar!$M$2:$M$426,Calendar!$A$2:$A$426,$A20)/((SUMIFS(Calendar!$G$2:$G$426,Calendar!$A$2:$A$426,$A20,Calendar!$E$2:$E$426,"Swim"))+(SUMIFS(Calendar!$G$2:$G$426,Calendar!$A$2:$A$426,$A20,Calendar!$E$2:$E$426,"Bike"))+(SUMIFS(Calendar!$G$2:$G$426,Calendar!$A$2:$A$426,$A20,Calendar!$E$2:$E$426,"Run"))),0) -> 0.10526316
A21: 20 | B21: 46440 | C21: Build 2 | D21: load | E21: Long ride 5h. | F21: =SUMIFS(Calendar!$G$2:$G$426,Calendar!$A$2:$A$426,$A21)/60 -> 16.033333 | G21: =SUMIFS(Calendar!$G$2:$G$426,Calendar!$A$2:$A$426,$A21,Calendar!$E$2:$E$426,"Swim")/60 -> 3.1666667 | H21: =SUMIFS(Calendar!$G$2:$G$426,Calendar!$A$2:$A$426,$A21,Calendar!$E$2:$E$426,"Bike")/60 -> 8.3333333 | I21: =SUMIFS(Calendar!$G$2:$G$426,Calendar!$A$2:$A$426,$A21,Calendar!$E$2:$E$426,"Run")/60 -> 3.3666667 | J21: =SUMIFS(Calendar!$G$2:$G$426,Calendar!$A$2:$A$426,$A21,Calendar!$E$2:$E$426,"Strength")/60 -> 1.1666667 | K21: =SUMIFS(Calendar!$G$2:$G$426,Calendar!$A$2:$A$426,$A21,Calendar!$E$2:$E$426,"Race")/60 -> 0 | L21: =SUMIFS(Calendar!$H$2:$H$426,Calendar!$A$2:$A$426,$A21,Calendar!$E$2:$E$426,"Swim") -> 9.1 | M21: =SUMIFS(Calendar!$H$2:$H$426,Calendar!$A$2:$A$426,$A21,Calendar!$E$2:$E$426,"Run") -> 33.6 | N21: =F21/F20-1 -> 0.061810155 | O21: =M21/M20-1 -> 0.083870968 | P21: =IFERROR(SUMIFS(Calendar!$M$2:$M$426,Calendar!$A$2:$A$426,$A21)/((SUMIFS(Calendar!$G$2:$G$426,Calendar!$A$2:$A$426,$A21,Calendar!$E$2:$E$426,"Swim"))+(SUMIFS(Calendar!$G$2:$G$426,Calendar!$A$2:$A$426,$A21,Calendar!$E$2:$E$426,"Bike"))+(SUMIFS(Calendar!$G$2:$G$426,Calendar!$A$2:$A$426,$A21,Calendar!$E$2:$E$426,"Run"))),0) -> 0.10650224
A22: 21 | B22: 46447 | C22: Build 2 | D22: load | E22: Peak build week before T100. | F22: =SUMIFS(Calendar!$G$2:$G$426,Calendar!$A$2:$A$426,$A22)/60 -> 16.666667 | G22: =SUMIFS(Calendar!$G$2:$G$426,Calendar!$A$2:$A$426,$A22,Calendar!$E$2:$E$426,"Swim")/60 -> 3.1666667 | H22: =SUMIFS(Calendar!$G$2:$G$426,Calendar!$A$2:$A$426,$A22,Calendar!$E$2:$E$426,"Bike")/60 -> 8.6666667 | I22: =SUMIFS(Calendar!$G$2:$G$426,Calendar!$A$2:$A$426,$A22,Calendar!$E$2:$E$426,"Run")/60 -> 3.6666667 | J22: =SUMIFS(Calendar!$G$2:$G$426,Calendar!$A$2:$A$426,$A22,Calendar!$E$2:$E$426,"Strength")/60 -> 1.1666667 | K22: =SUMIFS(Calendar!$G$2:$G$426,Calendar!$A$2:$A$426,$A22,Calendar!$E$2:$E$426,"Race")/60 -> 0 | L22: =SUMIFS(Calendar!$H$2:$H$426,Calendar!$A$2:$A$426,$A22,Calendar!$E$2:$E$426,"Swim") -> 9.1 | M22: =SUMIFS(Calendar!$H$2:$H$426,Calendar!$A$2:$A$426,$A22,Calendar!$E$2:$E$426,"Run") -> 36.7 | N22: =F22/F21-1 -> 0.03950104 | O22: =M22/M21-1 -> 0.092261905 | P22: =IFERROR(SUMIFS(Calendar!$M$2:$M$426,Calendar!$A$2:$A$426,$A22)/((SUMIFS(Calendar!$G$2:$G$426,Calendar!$A$2:$A$426,$A22,Calendar!$E$2:$E$426,"Swim"))+(SUMIFS(Calendar!$G$2:$G$426,Calendar!$A$2:$A$426,$A22,Calendar!$E$2:$E$426,"Bike"))+(SUMIFS(Calendar!$G$2:$G$426,Calendar!$A$2:$A$426,$A22,Calendar!$E$2:$E$426,"Run"))),0) -> 0.1172043
A23: 22 | B23: 46454 | C23: Build 2 | D23: recovery | E23: Recovery + FTP retest. Set T100 race targets from new FTP. | F23: =SUMIFS(Calendar!$G$2:$G$426,Calendar!$A$2:$A$426,$A23)/60 -> 12.083333 | G23: =SUMIFS(Calendar!$G$2:$G$426,Calendar!$A$2:$A$426,$A23,Calendar!$E$2:$E$426,"Swim")/60 -> 2.3333333 | H23: =SUMIFS(Calendar!$G$2:$G$426,Calendar!$A$2:$A$426,$A23,Calendar!$E$2:$E$426,"Bike")/60 -> 5.5 | I23: =SUMIFS(Calendar!$G$2:$G$426,Calendar!$A$2:$A$426,$A23,Calendar!$E$2:$E$426,"Run")/60 -> 3.3333333 | J23: =SUMIFS(Calendar!$G$2:$G$426,Calendar!$A$2:$A$426,$A23,Calendar!$E$2:$E$426,"Strength")/60 -> 0.91666667 | K23: =SUMIFS(Calendar!$G$2:$G$426,Calendar!$A$2:$A$426,$A23,Calendar!$E$2:$E$426,"Race")/60 -> 0 | L23: =SUMIFS(Calendar!$H$2:$H$426,Calendar!$A$2:$A$426,$A23,Calendar!$E$2:$E$426,"Swim") -> 6.4 | M23: =SUMIFS(Calendar!$H$2:$H$426,Calendar!$A$2:$A$426,$A23,Calendar!$E$2:$E$426,"Run") -> 33.2 | N23: — | O23: — | P23: =IFERROR(SUMIFS(Calendar!$M$2:$M$426,Calendar!$A$2:$A$426,$A23)/((SUMIFS(Calendar!$G$2:$G$426,Calendar!$A$2:$A$426,$A23,Calendar!$E$2:$E$426,"Swim"))+(SUMIFS(Calendar!$G$2:$G$426,Calendar!$A$2:$A$426,$A23,Calendar!$E$2:$E$426,"Bike"))+(SUMIFS(Calendar!$G$2:$G$426,Calendar!$A$2:$A$426,$A23,Calendar!$E$2:$E$426,"Run"))),0) -> 0.059701493
A24: 23 | B24: 46461 | C24: Race: T100 | D24: race | E24: Gold Coast T100 (2km/80km/18km) Sun 21 Mar — controlled IM-rehearsal effort, not all-out (London in 5 weeks). | F24: =SUMIFS(Calendar!$G$2:$G$426,Calendar!$A$2:$A$426,$A24)/60 -> 11 | G24: =SUMIFS(Calendar!$G$2:$G$426,Calendar!$A$2:$A$426,$A24,Calendar!$E$2:$E$426,"Swim")/60 -> 2.0833333 | H24: =SUMIFS(Calendar!$G$2:$G$426,Calendar!$A$2:$A$426,$A24,Calendar!$E$2:$E$426,"Bike")/60 -> 2.3333333 | I24: =SUMIFS(Calendar!$G$2:$G$426,Calendar!$A$2:$A$426,$A24,Calendar!$E$2:$E$426,"Run")/60 -> 1.1666667 | J24: =SUMIFS(Calendar!$G$2:$G$426,Calendar!$A$2:$A$426,$A24,Calendar!$E$2:$E$426,"Strength")/60 -> 0.41666667 | K24: =SUMIFS(Calendar!$G$2:$G$426,Calendar!$A$2:$A$426,$A24,Calendar!$E$2:$E$426,"Race")/60 -> 5 | L24: =SUMIFS(Calendar!$H$2:$H$426,Calendar!$A$2:$A$426,$A24,Calendar!$E$2:$E$426,"Swim") -> 6 | M24: =SUMIFS(Calendar!$H$2:$H$426,Calendar!$A$2:$A$426,$A24,Calendar!$E$2:$E$426,"Run") -> 11.7 | N24: — | O24: — | P24: =IFERROR(SUMIFS(Calendar!$M$2:$M$426,Calendar!$A$2:$A$426,$A24)/((SUMIFS(Calendar!$G$2:$G$426,Calendar!$A$2:$A$426,$A24,Calendar!$E$2:$E$426,"Swim"))+(SUMIFS(Calendar!$G$2:$G$426,Calendar!$A$2:$A$426,$A24,Calendar!$E$2:$E$426,"Bike"))+(SUMIFS(Calendar!$G$2:$G$426,Calendar!$A$2:$A$426,$A24,Calendar!$E$2:$E$426,"Run"))),0) -> 0.35522388
A25: 24 | B25: 46468 | C25: Build 3 | D25: recovery | E25: Post-race recovery; rebuild by Saturday. | F25: =SUMIFS(Calendar!$G$2:$G$426,Calendar!$A$2:$A$426,$A25)/60 -> 10.583333 | G25: =SUMIFS(Calendar!$G$2:$G$426,Calendar!$A$2:$A$426,$A25,Calendar!$E$2:$E$426,"Swim")/60 -> 2.4166667 | H25: =SUMIFS(Calendar!$G$2:$G$426,Calendar!$A$2:$A$426,$A25,Calendar!$E$2:$E$426,"Bike")/60 -> 4.75 | I25: =SUMIFS(Calendar!$G$2:$G$426,Calendar!$A$2:$A$426,$A25,Calendar!$E$2:$E$426,"Run")/60 -> 2.5 | J25: =SUMIFS(Calendar!$G$2:$G$426,Calendar!$A$2:$A$426,$A25,Calendar!$E$2:$E$426,"Strength")/60 -> 0.91666667 | K25: =SUMIFS(Calendar!$G$2:$G$426,Calendar!$A$2:$A$426,$A25,Calendar!$E$2:$E$426,"Race")/60 -> 0 | L25: =SUMIFS(Calendar!$H$2:$H$426,Calendar!$A$2:$A$426,$A25,Calendar!$E$2:$E$426,"Swim") -> 7.1 | M25: =SUMIFS(Calendar!$H$2:$H$426,Calendar!$A$2:$A$426,$A25,Calendar!$E$2:$E$426,"Run") -> 25 | N25: — | O25: — | P25: =IFERROR(SUMIFS(Calendar!$M$2:$M$426,Calendar!$A$2:$A$426,$A25)/((SUMIFS(Calendar!$G$2:$G$426,Calendar!$A$2:$A$426,$A25,Calendar!$E$2:$E$426,"Swim"))+(SUMIFS(Calendar!$G$2:$G$426,Calendar!$A$2:$A$426,$A25,Calendar!$E$2:$E$426,"Bike"))+(SUMIFS(Calendar!$G$2:$G$426,Calendar!$A$2:$A$426,$A25,Calendar!$E$2:$E$426,"Run"))),0) -> 0.0051724138
A26: 25 | B26: 46475 | C26: Build 3 | D26: load | E26: Big block: London long run + IM long ride. | F26: =SUMIFS(Calendar!$G$2:$G$426,Calendar!$A$2:$A$426,$A26)/60 -> 17.083333 | G26: =SUMIFS(Calendar!$G$2:$G$426,Calendar!$A$2:$A$426,$A26,Calendar!$E$2:$E$426,"Swim")/60 -> 3.0833333 | H26: =SUMIFS(Calendar!$G$2:$G$426,Calendar!$A$2:$A$426,$A26,Calendar!$E$2:$E$426,"Bike")/60 -> 8.8333333 | I26: =SUMIFS(Calendar!$G$2:$G$426,Calendar!$A$2:$A$426,$A26,Calendar!$E$2:$E$426,"Run")/60 -> 4 | J26: =SUMIFS(Calendar!$G$2:$G$426,Calendar!$A$2:$A$426,$A26,Calendar!$E$2:$E$426,"Strength")/60 -> 1.1666667 | K26: =SUMIFS(Calendar!$G$2:$G$426,Calendar!$A$2:$A$426,$A26,Calendar!$E$2:$E$426,"Race")/60 -> 0 | L26: =SUMIFS(Calendar!$H$2:$H$426,Calendar!$A$2:$A$426,$A26,Calendar!$E$2:$E$426,"Swim") -> 8.9 | M26: =SUMIFS(Calendar!$H$2:$H$426,Calendar!$A$2:$A$426,$A26,Calendar!$E$2:$E$426,"Run") -> 40.1 | N26: =F26/F22-1 -> 0.025 | O26: =M26/M22-1 -> 0.092643052 | P26: =IFERROR(SUMIFS(Calendar!$M$2:$M$426,Calendar!$A$2:$A$426,$A26)/((SUMIFS(Calendar!$G$2:$G$426,Calendar!$A$2:$A$426,$A26,Calendar!$E$2:$E$426,"Swim"))+(SUMIFS(Calendar!$G$2:$G$426,Calendar!$A$2:$A$426,$A26,Calendar!$E$2:$E$426,"Bike"))+(SUMIFS(Calendar!$G$2:$G$426,Calendar!$A$2:$A$426,$A26,Calendar!$E$2:$E$426,"Run"))),0) -> 0.10575916
A27: 26 | B27: 46482 | C27: Build 3 | D27: load | E27: Peak pre-London week: 6h ride + 27.5km long run (Z2). | F27: =SUMIFS(Calendar!$G$2:$G$426,Calendar!$A$2:$A$426,$A27)/60 -> 18.05 | G27: =SUMIFS(Calendar!$G$2:$G$426,Calendar!$A$2:$A$426,$A27,Calendar!$E$2:$E$426,"Swim")/60 -> 3.1666667 | H27: =SUMIFS(Calendar!$G$2:$G$426,Calendar!$A$2:$A$426,$A27,Calendar!$E$2:$E$426,"Bike")/60 -> 9.3333333 | I27: =SUMIFS(Calendar!$G$2:$G$426,Calendar!$A$2:$A$426,$A27,Calendar!$E$2:$E$426,"Run")/60 -> 4.3833333 | J27: =SUMIFS(Calendar!$G$2:$G$426,Calendar!$A$2:$A$426,$A27,Calendar!$E$2:$E$426,"Strength")/60 -> 1.1666667 | K27: =SUMIFS(Calendar!$G$2:$G$426,Calendar!$A$2:$A$426,$A27,Calendar!$E$2:$E$426,"Race")/60 -> 0 | L27: =SUMIFS(Calendar!$H$2:$H$426,Calendar!$A$2:$A$426,$A27,Calendar!$E$2:$E$426,"Swim") -> 9.1 | M27: =SUMIFS(Calendar!$H$2:$H$426,Calendar!$A$2:$A$426,$A27,Calendar!$E$2:$E$426,"Run") -> 43.9 | N27: =F27/F26-1 -> 0.056585366 | O27: =M27/M26-1 -> 0.094763092 | P27: =IFERROR(SUMIFS(Calendar!$M$2:$M$426,Calendar!$A$2:$A$426,$A27)/((SUMIFS(Calendar!$G$2:$G$426,Calendar!$A$2:$A$426,$A27,Calendar!$E$2:$E$426,"Swim"))+(SUMIFS(Calendar!$G$2:$G$426,Calendar!$A$2:$A$426,$A27,Calendar!$E$2:$E$426,"Bike"))+(SUMIFS(Calendar!$G$2:$G$426,Calendar!$A$2:$A$426,$A27,Calendar!$E$2:$E$426,"Run"))),0) -> 0.09970385
A28: 27 | B28: 46489 | C28: Build 3 | D28: reduced | E28: London mini-taper (run −30%); last long ride before the 19-day bike gap. | F28: =SUMIFS(Calendar!$G$2:$G$426,Calendar!$A$2:$A$426,$A28)/60 -> 14.433333 | G28: =SUMIFS(Calendar!$G$2:$G$426,Calendar!$A$2:$A$426,$A28,Calendar!$E$2:$E$426,"Swim")/60 -> 3 | H28: =SUMIFS(Calendar!$G$2:$G$426,Calendar!$A$2:$A$426,$A28,Calendar!$E$2:$E$426,"Bike")/60 -> 7 | I28: =SUMIFS(Calendar!$G$2:$G$426,Calendar!$A$2:$A$426,$A28,Calendar!$E$2:$E$426,"Run")/60 -> 3.5166667 | J28: =SUMIFS(Calendar!$G$2:$G$426,Calendar!$A$2:$A$426,$A28,Calendar!$E$2:$E$426,"Strength")/60 -> 0.91666667 | K28: =SUMIFS(Calendar!$G$2:$G$426,Calendar!$A$2:$A$426,$A28,Calendar!$E$2:$E$426,"Race")/60 -> 0 | L28: =SUMIFS(Calendar!$H$2:$H$426,Calendar!$A$2:$A$426,$A28,Calendar!$E$2:$E$426,"Swim") -> 8.8 | M28: =SUMIFS(Calendar!$H$2:$H$426,Calendar!$A$2:$A$426,$A28,Calendar!$E$2:$E$426,"Run") -> 35.2 | N28: — | O28: — | P28: =IFERROR(SUMIFS(Calendar!$M$2:$M$426,Calendar!$A$2:$A$426,$A28)/((SUMIFS(Calendar!$G$2:$G$426,Calendar!$A$2:$A$426,$A28,Calendar!$E$2:$E$426,"Swim"))+(SUMIFS(Calendar!$G$2:$G$426,Calendar!$A$2:$A$426,$A28,Calendar!$E$2:$E$426,"Bike"))+(SUMIFS(Calendar!$G$2:$G$426,Calendar!$A$2:$A$426,$A28,Calendar!$E$2:$E$426,"Run"))),0) -> 0.067817509
A29: 28 | B29: 46496 | C29: London | D29: race | E29: London Marathon Sun 25 Apr at Z2. Fly Wed 21 Apr (last ride Tue). | F29: =SUMIFS(Calendar!$G$2:$G$426,Calendar!$A$2:$A$426,$A29)/60 -> 8.3333333 | G29: =SUMIFS(Calendar!$G$2:$G$426,Calendar!$A$2:$A$426,$A29,Calendar!$E$2:$E$426,"Swim")/60 -> 1.1666667 | H29: =SUMIFS(Calendar!$G$2:$G$426,Calendar!$A$2:$A$426,$A29,Calendar!$E$2:$E$426,"Bike")/60 -> 1.75 | I29: =SUMIFS(Calendar!$G$2:$G$426,Calendar!$A$2:$A$426,$A29,Calendar!$E$2:$E$426,"Run")/60 -> 1.3333333 | J29: =SUMIFS(Calendar!$G$2:$G$426,Calendar!$A$2:$A$426,$A29,Calendar!$E$2:$E$426,"Strength")/60 -> 0 | K29: =SUMIFS(Calendar!$G$2:$G$426,Calendar!$A$2:$A$426,$A29,Calendar!$E$2:$E$426,"Race")/60 -> 4.0833333 | L29: =SUMIFS(Calendar!$H$2:$H$426,Calendar!$A$2:$A$426,$A29,Calendar!$E$2:$E$426,"Swim") -> 3.2 | M29: =SUMIFS(Calendar!$H$2:$H$426,Calendar!$A$2:$A$426,$A29,Calendar!$E$2:$E$426,"Run") -> 13.5 | N29: — | O29: — | P29: =IFERROR(SUMIFS(Calendar!$M$2:$M$426,Calendar!$A$2:$A$426,$A29)/((SUMIFS(Calendar!$G$2:$G$426,Calendar!$A$2:$A$426,$A29,Calendar!$E$2:$E$426,"Swim"))+(SUMIFS(Calendar!$G$2:$G$426,Calendar!$A$2:$A$426,$A29,Calendar!$E$2:$E$426,"Bike"))+(SUMIFS(Calendar!$G$2:$G$426,Calendar!$A$2:$A$426,$A29,Calendar!$E$2:$E$426,"Run"))),0) -> 0.011764706
A30: 29 | B30: 46503 | C30: London | D30: recovery | E30: Post-marathon recovery in London. No running Mon–Fri; no road bike. | F30: =SUMIFS(Calendar!$G$2:$G$426,Calendar!$A$2:$A$426,$A30)/60 -> 4.1666667 | G30: =SUMIFS(Calendar!$G$2:$G$426,Calendar!$A$2:$A$426,$A30,Calendar!$E$2:$E$426,"Swim")/60 -> 2.0833333 | H30: =SUMIFS(Calendar!$G$2:$G$426,Calendar!$A$2:$A$426,$A30,Calendar!$E$2:$E$426,"Bike")/60 -> 1.1666667 | I30: =SUMIFS(Calendar!$G$2:$G$426,Calendar!$A$2:$A$426,$A30,Calendar!$E$2:$E$426,"Run")/60 -> 0.41666667 | J30: =SUMIFS(Calendar!$G$2:$G$426,Calendar!$A$2:$A$426,$A30,Calendar!$E$2:$E$426,"Strength")/60 -> 0.5 | K30: =SUMIFS(Calendar!$G$2:$G$426,Calendar!$A$2:$A$426,$A30,Calendar!$E$2:$E$426,"Race")/60 -> 0 | L30: =SUMIFS(Calendar!$H$2:$H$426,Calendar!$A$2:$A$426,$A30,Calendar!$E$2:$E$426,"Swim") -> 5.8 | M30: =SUMIFS(Calendar!$H$2:$H$426,Calendar!$A$2:$A$426,$A30,Calendar!$E$2:$E$426,"Run") -> 4 | N30: — | O30: — | P30: =IFERROR(SUMIFS(Calendar!$M$2:$M$426,Calendar!$A$2:$A$426,$A30)/((SUMIFS(Calendar!$G$2:$G$426,Calendar!$A$2:$A$426,$A30,Calendar!$E$2:$E$426,"Swim"))+(SUMIFS(Calendar!$G$2:$G$426,Calendar!$A$2:$A$426,$A30,Calendar!$E$2:$E$426,"Bike"))+(SUMIFS(Calendar!$G$2:$G$426,Calendar!$A$2:$A$426,$A30,Calendar!$E$2:$E$426,"Run"))),0) -> 0
A31: 30 | B31: 46510 | C31: London | D31: reduced | E31: Rebuild in London: swim, run, gym — gym bike / Wattbike if available (by HR). | F31: =SUMIFS(Calendar!$G$2:$G$426,Calendar!$A$2:$A$426,$A31)/60 -> 10.333333 | G31: =SUMIFS(Calendar!$G$2:$G$426,Calendar!$A$2:$A$426,$A31,Calendar!$E$2:$E$426,"Swim")/60 -> 2.8333333 | H31: =SUMIFS(Calendar!$G$2:$G$426,Calendar!$A$2:$A$426,$A31,Calendar!$E$2:$E$426,"Bike")/60 -> 3.25 | I31: =SUMIFS(Calendar!$G$2:$G$426,Calendar!$A$2:$A$426,$A31,Calendar!$E$2:$E$426,"Run")/60 -> 3.25 | J31: =SUMIFS(Calendar!$G$2:$G$426,Calendar!$A$2:$A$426,$A31,Calendar!$E$2:$E$426,"Strength")/60 -> 1 | K31: =SUMIFS(Calendar!$G$2:$G$426,Calendar!$A$2:$A$426,$A31,Calendar!$E$2:$E$426,"Race")/60 -> 0 | L31: =SUMIFS(Calendar!$H$2:$H$426,Calendar!$A$2:$A$426,$A31,Calendar!$E$2:$E$426,"Swim") -> 8.4 | M31: =SUMIFS(Calendar!$H$2:$H$426,Calendar!$A$2:$A$426,$A31,Calendar!$E$2:$E$426,"Run") -> 32.4 | N31: — | O31: — | P31: =IFERROR(SUMIFS(Calendar!$M$2:$M$426,Calendar!$A$2:$A$426,$A31)/((SUMIFS(Calendar!$G$2:$G$426,Calendar!$A$2:$A$426,$A31,Calendar!$E$2:$E$426,"Swim"))+(SUMIFS(Calendar!$G$2:$G$426,Calendar!$A$2:$A$426,$A31,Calendar!$E$2:$E$426,"Bike"))+(SUMIFS(Calendar!$G$2:$G$426,Calendar!$A$2:$A$426,$A31,Calendar!$E$2:$E$426,"Run"))),0) -> 0.05
A32: 31 | B32: 46517 | C32: Peak | D32: load | E32: Back on the bike — IM-specific block. Heat acclimation starts (Thu). | F32: =SUMIFS(Calendar!$G$2:$G$426,Calendar!$A$2:$A$426,$A32)/60 -> 16.25 | G32: =SUMIFS(Calendar!$G$2:$G$426,Calendar!$A$2:$A$426,$A32,Calendar!$E$2:$E$426,"Swim")/60 -> 3 | H32: =SUMIFS(Calendar!$G$2:$G$426,Calendar!$A$2:$A$426,$A32,Calendar!$E$2:$E$426,"Bike")/60 -> 7.75 | I32: =SUMIFS(Calendar!$G$2:$G$426,Calendar!$A$2:$A$426,$A32,Calendar!$E$2:$E$426,"Run")/60 -> 4.5833333 | J32: =SUMIFS(Calendar!$G$2:$G$426,Calendar!$A$2:$A$426,$A32,Calendar!$E$2:$E$426,"Strength")/60 -> 0.91666667 | K32: =SUMIFS(Calendar!$G$2:$G$426,Calendar!$A$2:$A$426,$A32,Calendar!$E$2:$E$426,"Race")/60 -> 0 | L32: =SUMIFS(Calendar!$H$2:$H$426,Calendar!$A$2:$A$426,$A32,Calendar!$E$2:$E$426,"Swim") -> 8.7 | M32: =SUMIFS(Calendar!$H$2:$H$426,Calendar!$A$2:$A$426,$A32,Calendar!$E$2:$E$426,"Run") -> 45.9 | N32: =F32/F27-1 -> -0.099722992 | O32: =M32/M27-1 -> 0.045558087 | P32: =IFERROR(SUMIFS(Calendar!$M$2:$M$426,Calendar!$A$2:$A$426,$A32)/((SUMIFS(Calendar!$G$2:$G$426,Calendar!$A$2:$A$426,$A32,Calendar!$E$2:$E$426,"Swim"))+(SUMIFS(Calendar!$G$2:$G$426,Calendar!$A$2:$A$426,$A32,Calendar!$E$2:$E$426,"Bike"))+(SUMIFS(Calendar!$G$2:$G$426,Calendar!$A$2:$A$426,$A32,Calendar!$E$2:$E$426,"Run"))),0) -> 0.069565217
A33: 32 | B33: 46524 | C33: Peak | D33: load | E33: Biggest IM-specific week: 5h15 ride (3.5h @ IM power) + 45' brick; 3.8km continuous swim. | F33: =SUMIFS(Calendar!$G$2:$G$426,Calendar!$A$2:$A$426,$A33)/60 -> 17.583333 | G33: =SUMIFS(Calendar!$G$2:$G$426,Calendar!$A$2:$A$426,$A33,Calendar!$E$2:$E$426,"Swim")/60 -> 3.4166667 | H33: =SUMIFS(Calendar!$G$2:$G$426,Calendar!$A$2:$A$426,$A33,Calendar!$E$2:$E$426,"Bike")/60 -> 8.5 | I33: =SUMIFS(Calendar!$G$2:$G$426,Calendar!$A$2:$A$426,$A33,Calendar!$E$2:$E$426,"Run")/60 -> 4.8333333 | J33: =SUMIFS(Calendar!$G$2:$G$426,Calendar!$A$2:$A$426,$A33,Calendar!$E$2:$E$426,"Strength")/60 -> 0.83333333 | K33: =SUMIFS(Calendar!$G$2:$G$426,Calendar!$A$2:$A$426,$A33,Calendar!$E$2:$E$426,"Race")/60 -> 0 | L33: =SUMIFS(Calendar!$H$2:$H$426,Calendar!$A$2:$A$426,$A33,Calendar!$E$2:$E$426,"Swim") -> 9.5 | M33: =SUMIFS(Calendar!$H$2:$H$426,Calendar!$A$2:$A$426,$A33,Calendar!$E$2:$E$426,"Run") -> 48.4 | N33: =F33/F32-1 -> 0.082051282 | O33: =M33/M32-1 -> 0.054466231 | P33: =IFERROR(SUMIFS(Calendar!$M$2:$M$426,Calendar!$A$2:$A$426,$A33)/((SUMIFS(Calendar!$G$2:$G$426,Calendar!$A$2:$A$426,$A33,Calendar!$E$2:$E$426,"Swim"))+(SUMIFS(Calendar!$G$2:$G$426,Calendar!$A$2:$A$426,$A33,Calendar!$E$2:$E$426,"Bike"))+(SUMIFS(Calendar!$G$2:$G$426,Calendar!$A$2:$A$426,$A33,Calendar!$E$2:$E$426,"Run"))),0) -> 0.098507463
A34: 33 | B34: 46531 | C34: Peak | D34: reduced | E34: Last big weekend (2 weeks out), then taper begins. | F34: =SUMIFS(Calendar!$G$2:$G$426,Calendar!$A$2:$A$426,$A34)/60 -> 14.5 | G34: =SUMIFS(Calendar!$G$2:$G$426,Calendar!$A$2:$A$426,$A34,Calendar!$E$2:$E$426,"Swim")/60 -> 2.8333333 | H34: =SUMIFS(Calendar!$G$2:$G$426,Calendar!$A$2:$A$426,$A34,Calendar!$E$2:$E$426,"Bike")/60 -> 7.0833333 | I34: =SUMIFS(Calendar!$G$2:$G$426,Calendar!$A$2:$A$426,$A34,Calendar!$E$2:$E$426,"Run")/60 -> 3.8333333 | J34: =SUMIFS(Calendar!$G$2:$G$426,Calendar!$A$2:$A$426,$A34,Calendar!$E$2:$E$426,"Strength")/60 -> 0.75 | K34: =SUMIFS(Calendar!$G$2:$G$426,Calendar!$A$2:$A$426,$A34,Calendar!$E$2:$E$426,"Race")/60 -> 0 | L34: =SUMIFS(Calendar!$H$2:$H$426,Calendar!$A$2:$A$426,$A34,Calendar!$E$2:$E$426,"Swim") -> 8.1 | M34: =SUMIFS(Calendar!$H$2:$H$426,Calendar!$A$2:$A$426,$A34,Calendar!$E$2:$E$426,"Run") -> 38.3 | N34: — | O34: — | P34: =IFERROR(SUMIFS(Calendar!$M$2:$M$426,Calendar!$A$2:$A$426,$A34)/((SUMIFS(Calendar!$G$2:$G$426,Calendar!$A$2:$A$426,$A34,Calendar!$E$2:$E$426,"Swim"))+(SUMIFS(Calendar!$G$2:$G$426,Calendar!$A$2:$A$426,$A34,Calendar!$E$2:$E$426,"Bike"))+(SUMIFS(Calendar!$G$2:$G$426,Calendar!$A$2:$A$426,$A34,Calendar!$E$2:$E$426,"Run"))),0) -> 0.071515152
A35: 34 | B35: 46538 | C35: Taper | D35: taper | E35: Taper (~60%): keep intensity, cut volume. Last strength session Mon. | F35: =SUMIFS(Calendar!$G$2:$G$426,Calendar!$A$2:$A$426,$A35)/60 -> 9.9166667 | G35: =SUMIFS(Calendar!$G$2:$G$426,Calendar!$A$2:$A$426,$A35,Calendar!$E$2:$E$426,"Swim")/60 -> 2.25 | H35: =SUMIFS(Calendar!$G$2:$G$426,Calendar!$A$2:$A$426,$A35,Calendar!$E$2:$E$426,"Bike")/60 -> 5 | I35: =SUMIFS(Calendar!$G$2:$G$426,Calendar!$A$2:$A$426,$A35,Calendar!$E$2:$E$426,"Run")/60 -> 2.3333333 | J35: =SUMIFS(Calendar!$G$2:$G$426,Calendar!$A$2:$A$426,$A35,Calendar!$E$2:$E$426,"Strength")/60 -> 0.33333333 | K35: =SUMIFS(Calendar!$G$2:$G$426,Calendar!$A$2:$A$426,$A35,Calendar!$E$2:$E$426,"Race")/60 -> 0 | L35: =SUMIFS(Calendar!$H$2:$H$426,Calendar!$A$2:$A$426,$A35,Calendar!$E$2:$E$426,"Swim") -> 6.4 | M35: =SUMIFS(Calendar!$H$2:$H$426,Calendar!$A$2:$A$426,$A35,Calendar!$E$2:$E$426,"Run") -> 23.3 | N35: — | O35: — | P35: =IFERROR(SUMIFS(Calendar!$M$2:$M$426,Calendar!$A$2:$A$426,$A35)/((SUMIFS(Calendar!$G$2:$G$426,Calendar!$A$2:$A$426,$A35,Calendar!$E$2:$E$426,"Swim"))+(SUMIFS(Calendar!$G$2:$G$426,Calendar!$A$2:$A$426,$A35,Calendar!$E$2:$E$426,"Bike"))+(SUMIFS(Calendar!$G$2:$G$426,Calendar!$A$2:$A$426,$A35,Calendar!$E$2:$E$426,"Run"))),0) -> 0.076521739
A36: 35 | B36: 46545 | C36: Taper | D36: race | E36: Race week — travel to Cairns, sleep, carb-load Fri–Sat (8–10 g/kg ≈ 640–800 g/day). | F36: =SUMIFS(Calendar!$G$2:$G$426,Calendar!$A$2:$A$426,$A36)/60 -> 16.916667 | G36: =SUMIFS(Calendar!$G$2:$G$426,Calendar!$A$2:$A$426,$A36,Calendar!$E$2:$E$426,"Swim")/60 -> 1.5833333 | H36: =SUMIFS(Calendar!$G$2:$G$426,Calendar!$A$2:$A$426,$A36,Calendar!$E$2:$E$426,"Bike")/60 -> 2.0833333 | I36: =SUMIFS(Calendar!$G$2:$G$426,Calendar!$A$2:$A$426,$A36,Calendar!$E$2:$E$426,"Run")/60 -> 1 | J36: =SUMIFS(Calendar!$G$2:$G$426,Calendar!$A$2:$A$426,$A36,Calendar!$E$2:$E$426,"Strength")/60 -> 0 | K36: =SUMIFS(Calendar!$G$2:$G$426,Calendar!$A$2:$A$426,$A36,Calendar!$E$2:$E$426,"Race")/60 -> 12.25 | L36: =SUMIFS(Calendar!$H$2:$H$426,Calendar!$A$2:$A$426,$A36,Calendar!$E$2:$E$426,"Swim") -> 4.3 | M36: =SUMIFS(Calendar!$H$2:$H$426,Calendar!$A$2:$A$426,$A36,Calendar!$E$2:$E$426,"Run") -> 10 | N36: — | O36: — | P36: =IFERROR(SUMIFS(Calendar!$M$2:$M$426,Calendar!$A$2:$A$426,$A36)/((SUMIFS(Calendar!$G$2:$G$426,Calendar!$A$2:$A$426,$A36,Calendar!$E$2:$E$426,"Swim"))+(SUMIFS(Calendar!$G$2:$G$426,Calendar!$A$2:$A$426,$A36,Calendar!$E$2:$E$426,"Bike"))+(SUMIFS(Calendar!$G$2:$G$426,Calendar!$A$2:$A$426,$A36,Calendar!$E$2:$E$426,"Run"))),0) -> 0.11785714
A38: Δ columns only apply to 'load' weeks and compare with the previous load week; red would flag >10%. Run-km cap applies from week 9, once continuous running is established. Totals are live SUMIFS from the Calendar, so editing a session updates this table.

Sheet Calendar
A1: Week | B1: Date | C1: Day | D1: Phase | E1: Sport | F1: Session | G1: Duration (min) | H1: Distance (km) | I1: Main set / details | J1: Target zone (HR / Power / Pace) | K1: RPE | L1: Fuel | M1: High-intensity min (Z4+) | N1: Done | O1: Notes | P1: When
A2: 1 | B2: 46307 | C2: Mon | D2: Transition | E2: Swim | F2: Aerobic endurance | G2: 50 | H2: 2.5 | I2: WU 300 easy + 4×50 build /15s. MS 4×400 @ 1:42–1:48/100m, 20s rest (every 2nd rep with pull buoy) + 200 steady pull. CD 200 easy. All reps ≥50m (Watch-safe). | J2: Z2 1:42–1:48/100m (IM pace 1:44) · RPE 3–4 | K2: 3–4 | M2: 0 | P2: Midday
A3: 1 | B3: 46308 | C3: Tue | D3: Transition | E3: Bike | F3: Intervals — Z5 VO2max | G3: 60 | H3: 30 | I3: Zwift structured. WU 15' Z1→Z2 incl. 3×30s @ 100+rpm. MS 4×3' @ 254–271W (105–112% FTP) /3' easy. Remaining time Z2 (150–170W). CD 5–10' easy. Cadence 85–100 on efforts. | J3: Z5 VO2max: 254–271W (105–112% FTP) · easy between Z1 <133W (<55%) · HR <130 · RPE 1–2 | K3: 8–9 | L3: Water/electrolytes only | M3: 12 | P3: AM
A4: 1 | B4: 46308 | C4: Tue | D4: Transition | E4: Strength | F4: Strength A — base | G4: 40 | I4: Do this AFTER the bike intervals — ideally 6h+ later (bike AM, gym PM). Lower — max strength & bone loading: back squat or trap-bar DL 4×6, Bulgarian split squat 3×8/leg, seated soleus raise 3×12 heavy, single-leg calf raise 3×15, tibialis raise 3×15, pogo hops 3×20 (progress to single-leg hops from wk 8), Copenhagen plank 3×20s. See Strength tab. | J4: RPE 7–8 on main lifts, 1–3 reps in reserve | K4: 7–8 | M4: 0 | P4: PM
A5: 1 | B5: 46309 | C5: Wed | D5: Transition | E5: Swim | F5: CSS / threshold | G5: 50 | H5: 2.4 | I5: WU 400 + 4×50 build /15s. MS 14×100 @ CSS 1:32–1:36 /15s + 4×50 @ ≤1:30 /20s. CD 200 easy (+200 pull if time). | J5: Z4 CSS 1:32–1:36/100m · RPE 7; 50s Z5 ≤1:30/100m · RPE 8–9 | K5: 7–8 | M5: 23 | P5: Midday
A6: 1 | B6: 46310 | C6: Thu | D6: Transition | E6: Bike | F6: Endurance ride | G6: 60 | H6: 30 | I6: Zwift endurance. 10' WU 120→150W, 45' steady @ 150–175W, cadence 85–95, 5' easy. | J6: Z2 150–175W (62–72%) · HR 130–143 · RPE 3–4 | K6: 3–4 | L6: Water/electrolytes only | M6: 0 | P6: AM
A7: 1 | B7: 46310 | C7: Thu | D7: Transition | E7: Strength | F7: Strength B — base | G7: 35 | I7: Posterior chain + upper: Romanian DL 3×8, hip thrust 3×10, step-ups 3×8/leg, pull-ups 4×6, push-ups or DB press 3×10, single-arm row 3×10, Pallof press 3×10, dead bug 3×10. See Strength tab. | J7: RPE 7–8 on main lifts, 1–3 reps in reserve | K7: 7–8 | M7: 0 | P7: PM
A8: 1 | B8: 46311 | C8: Fri | D8: Transition | E8: Swim | F8: Long aerobic swim | G8: 45 | H8: 2.2 | I8: WU 400 easy. MS 3×500 @ 1:42–1:48/100m /30s + 100 easy. CD 200. Hold pace — the goal is aerobic durability, not speed. | J8: Z2 1:42–1:48/100m (IM pace 1:44) · RPE 3–4 | K8: 3–4 | M8: 0 | P8: Midday
A9: 1 | B9: 46312 | C9: Sat | D9: Transition | E9: Bike | F9: Long ride | G9: 80 | H9: 40 | I9: Long ride 1h20. First 20' Z1–low Z2, then Z2 150–175W. Smooth, steady, seated. Indoors until your outdoor kit is sorted; once outdoors, pick flat, low-traffic roads and keep the same power. | J9: Z2 150–175W (62–72%) · HR 130–143 · RPE 3–4; blocks IM power 160–172W (66–71%) · HR ≤143 · RPE 4 | K9: 3–4 | L9: 60–70 g carbs/h from minute 20 · 500–800mg sodium/h · 500–750ml fluid/h (gut training) | M9: 0 | P9: AM
A10: 1 | B10: 46313 | C10: Sun | D10: Transition | E10: Bike | F10: Recovery spin | G10: 40 | H10: 18 | I10: Easy spin, 40' at high cadence (90–100 rpm). Replaces a 4th swim — keeps the legs moving after Saturday's long ride. | J10: Z1 <133W (<55%) · HR <130 · RPE 1–2 | K10: 1–2 | L10: Water/electrolytes only | M10: 0 | P10: AM
A11: 2 | B11: 46314 | C11: Mon | D11: Transition | E11: Swim | F11: Aerobic endurance | G11: 45 | H11: 2.2 | I11: WU 300 easy + 4×50 build /15s. MS 3×400 @ 1:42–1:48/100m, 20s rest (every 2nd rep with pull buoy) + 300 steady pull. CD 200 easy. All reps ≥50m (Watch-safe). | J11: Z2 1:42–1:48/100m (IM pace 1:44) · RPE 3–4 | K11: 3–4 | M11: 0 | P11: Midday
A12: 2 | B12: 46314 | C12: Mon | D12: Transition | E12: Strength | F12: Strength A — base | G12: 30 | I12: Lower — max strength & bone loading: back squat or trap-bar DL 4×6, Bulgarian split squat 3×8/leg, seated soleus raise 3×12 heavy, single-leg calf raise 3×15, tibialis raise 3×15, pogo hops 3×20 (progress to single-leg hops from wk 8), Copenhagen plank 3×20s. See Strength tab. | J12: RPE 7–8 on main lifts, 1–3 reps in reserve | K12: 7–8 | M12: 0 | P12: PM
A13: 2 | B13: 46315 | C13: Tue | D13: Transition | E13: Bike | F13: Endurance ride | G13: 60 | H13: 30 | I13: Zwift endurance. 10' WU 120→150W, 45' steady @ 150–175W, cadence 85–95, 5' easy. | J13: Z2 150–175W (62–72%) · HR 130–143 · RPE 3–4 | K13: 3–4 | L13: Water/electrolytes only | M13: 0 | P13: AM
A14: 2 | B14: 46316 | C14: Wed | D14: Transition | E14: Swim | F14: CSS / threshold | G14: 45 | H14: 2.1 | I14: WU 400 + 4×50 build /15s. MS 11×100 @ CSS 1:32–1:36 /15s + 4×50 @ ≤1:30 /20s. CD 200 easy (+200 pull if time). | J14: Z4 CSS 1:32–1:36/100m · RPE 7; 50s Z5 ≤1:30/100m · RPE 8–9 | K14: 7–8 | M14: 19 | P14: Midday
A15: 2 | B15: 46317 | C15: Thu | D15: Transition | E15: Bike | F15: Recovery spin | G15: 45 | H15: 20 | I15: Easy spin, 45' at high cadence (90–100 rpm). Keep it light. | J15: Z1 <133W (<55%) · HR <130 · RPE 1–2 | K15: 1–2 | L15: Water/electrolytes only | M15: 0 | P15: AM
A16: 2 | B16: 46318 | C16: Fri | D16: Transition | E16: Rest | F16: Rest | G16: 0 | I16: Wedding day 🎉 | J16: — | K16: — | M16: 0
A17: 2 | B17: 46319 | C17: Sat | D17: Transition | E17: Rest | F17: Rest | G17: 0 | I17: Rest day — sleep, walk, mobility. | J17: — | K17: — | M17: 0
A18: 2 | B18: 46320 | C18: Sun | D18: Transition | E18: Bike | F18: Endurance ride | G18: 60 | H18: 30 | I18: Zwift endurance. 10' WU 120→150W, 45' steady @ 150–175W, cadence 85–95, 5' easy. | J18: Z2 150–175W (62–72%) · HR 130–143 · RPE 3–4 | K18: 3–4 | L18: Water/electrolytes only | M18: 0 | P18: AM
A19: 3 | B19: 46321 | C19: Mon | D19: Base 1 | E19: Swim | F19: Aerobic endurance | G19: 45 | H19: 2.2 | I19: WU 300 easy + 4×50 build /15s. MS 3×400 @ 1:42–1:48/100m, 20s rest (every 2nd rep with pull buoy) + 300 steady pull. CD 200 easy. All reps ≥50m (Watch-safe). | J19: Z2 1:42–1:48/100m (IM pace 1:44) · RPE 3–4 | K19: 3–4 | M19: 0 | P19: Midday
A20: 3 | B20: 46321 | C20: Mon | D20: Base 1 | E20: Run | F20: Walk-run (stage 1) | G20: 20 | H20: 1 | I20: RETURN-TO-RUN stage 1: 5' brisk walk, 6×(1' run / 1' walk), finish with walk. Flat, soft surface (grass/path), short quick steps (cadence +5%). Alternate days only. Bone rule: pain ≤2/10 during, none next morning — else stop, 2 days off, drop back one stage. | J20: Z1 HR ≤141 · RPE 2–3 | K20: 2–3 | L20: Water/electrolytes only | M20: 0 | P20: AM
A21: 3 | B21: 46322 | C21: Tue | D21: Base 1 | E21: Bike | F21: Intervals — Z5 VO2max | G21: 60 | H21: 30 | I21: Zwift structured. WU 15' Z1→Z2 incl. 3×30s @ 100+rpm. MS 5×3' @ 266–281W (110–115% FTP) /3' easy. Remaining time Z2 (150–170W). CD 5–10' easy. Cadence 85–100 on efforts. | J21: Z5 VO2max: 266–281W (110–115% FTP) · easy between Z1 <133W (<55%) · HR <130 · RPE 1–2 | K21: 8–9 | L21: Water/electrolytes only | M21: 15 | P21: AM
A22: 3 | B22: 46322 | C22: Tue | D22: Base 1 | E22: Strength | F22: Strength A — base | G22: 40 | I22: Do this AFTER the bike intervals — ideally 6h+ later (bike AM, gym PM). Lower — max strength & bone loading: back squat or trap-bar DL 4×6, Bulgarian split squat 3×8/leg, seated soleus raise 3×12 heavy, single-leg calf raise 3×15, tibialis raise 3×15, pogo hops 3×20 (progress to single-leg hops from wk 8), Copenhagen plank 3×20s. See Strength tab. | J22: RPE 7–8 on main lifts, 1–3 reps in reserve | K22: 7–8 | M22: 0 | P22: PM
A23: 3 | B23: 46323 | C23: Wed | D23: Base 1 | E23: Swim | F23: CSS / threshold | G23: 50 | H23: 2.4 | I23: WU 400 + 4×50 build /15s. MS 14×100 @ CSS 1:32–1:36 /15s + 4×50 @ ≤1:30 /20s. CD 200 easy (+200 pull if time). | J23: Z4 CSS 1:32–1:36/100m · RPE 7; 50s Z5 ≤1:30/100m · RPE 8–9 | K23: 7–8 | M23: 23 | P23: Midday
A24: 3 | B24: 46323 | C24: Wed | D24: Base 1 | E24: Run | F24: Walk-run (stage 1) | G24: 20 | H24: 1 | I24: RETURN-TO-RUN stage 1: 5' brisk walk, 6×(1' run / 1' walk), finish with walk. Flat, soft surface (grass/path), short quick steps (cadence +5%). Alternate days only. Bone rule: pain ≤2/10 during, none next morning — else stop, 2 days off, drop back one stage. | J24: Z1 HR ≤141 · RPE 2–3 | K24: 2–3 | L24: Water/electrolytes only | M24: 0 | P24: AM
A25: 3 | B25: 46324 | C25: Thu | D25: Base 1 | E25: Bike | F25: Endurance ride | G25: 45 | H25: 22 | I25: Zwift endurance. 10' WU 120→150W, 30' steady @ 150–175W, cadence 85–95, 5' easy. | J25: Z2 150–175W (62–72%) · HR 130–143 · RPE 3–4 | K25: 3–4 | L25: Water/electrolytes only | M25: 0 | P25: AM
A26: 3 | B26: 46324 | C26: Thu | D26: Base 1 | E26: Strength | F26: Strength B — base | G26: 35 | I26: Posterior chain + upper: Romanian DL 3×8, hip thrust 3×10, step-ups 3×8/leg, pull-ups 4×6, push-ups or DB press 3×10, single-arm row 3×10, Pallof press 3×10, dead bug 3×10. See Strength tab. | J26: RPE 7–8 on main lifts, 1–3 reps in reserve | K26: 7–8 | M26: 0 | P26: PM
A27: 3 | B27: 46325 | C27: Fri | D27: Base 1 | E27: Swim | F27: Long aerobic swim | G27: 45 | H27: 2.2 | I27: WU 400 easy. MS 3×500 @ 1:42–1:48/100m /30s + 100 easy. CD 200. Hold pace — the goal is aerobic durability, not speed. | J27: Z2 1:42–1:48/100m (IM pace 1:44) · RPE 3–4 | K27: 3–4 | M27: 0 | P27: Midday
A28: 3 | B28: 46325 | C28: Fri | D28: Base 1 | E28: Run | F28: Walk-run (stage 1) | G28: 20 | H28: 1 | I28: RETURN-TO-RUN stage 1: 5' brisk walk, 6×(1' run / 1' walk), finish with walk. Flat, soft surface (grass/path), short quick steps (cadence +5%). Alternate days only. Bone rule: pain ≤2/10 during, none next morning — else stop, 2 days off, drop back one stage. | J28: Z1 HR ≤141 · RPE 2–3 | K28: 2–3 | L28: Water/electrolytes only | M28: 0 | P28: AM
A29: 3 | B29: 46326 | C29: Sat | D29: Base 1 | E29: Bike | F29: Long ride | G29: 90 | H29: 45 | I29: Long ride 1h30. First 20' Z1–low Z2, then Z2 150–175W. Smooth, steady, seated. Indoors until your outdoor kit is sorted; once outdoors, pick flat, low-traffic roads and keep the same power. | J29: Z2 150–175W (62–72%) · HR 130–143 · RPE 3–4; blocks IM power 160–172W (66–71%) · HR ≤143 · RPE 4 | K29: 3–4 | L29: 60–70 g carbs/h from minute 20 · 500–800mg sodium/h · 500–750ml fluid/h (gut training) | M29: 0 | P29: AM
A30: 3 | B30: 46327 | C30: Sun | D30: Base 1 | E30: Rest | F30: Rest | G30: 0 | I30: Rest day. | J30: — | K30: — | M30: 0
A31: 4 | B31: 46328 | C31: Mon | D31: Base 1 | E31: Swim | F31: Aerobic endurance | G31: 50 | H31: 2.5 | I31: WU 300 easy + 4×50 build /15s. MS 4×400 @ 1:42–1:48/100m, 20s rest (every 2nd rep with pull buoy) + 200 steady pull. CD 200 easy. All reps ≥50m (Watch-safe). | J31: Z2 1:42–1:48/100m (IM pace 1:44) · RPE 3–4 | K31: 3–4 | M31: 0 | P31: Midday
A32: 4 | B32: 46328 | C32: Mon | D32: Base 1 | E32: Run | F32: Walk-run (stage 2) | G32: 25 | H32: 2 | I32: RETURN-TO-RUN stage 2: 5' brisk walk, 6×(2' run / 1' walk), finish with walk. Flat, soft surface (grass/path), short quick steps (cadence +5%). Alternate days only. Bone rule: pain ≤2/10 during, none next morning — else stop, 2 days off, drop back one stage. | J32: Z1 HR ≤141 · RPE 2–3 | K32: 2–3 | L32: Water/electrolytes only | M32: 0 | P32: AM
A33: 4 | B33: 46329 | C33: Tue | D33: Base 1 | E33: Bike | F33: Intervals — Z5 VO2max | G33: 60 | H33: 30 | I33: Zwift structured. WU 15' Z1→Z2 incl. 3×30s @ 100+rpm. MS 6×3' @ 266–281W (110–115% FTP) /3' easy. Remaining time Z2 (150–170W). CD 5–10' easy. Cadence 85–100 on efforts. | J33: Z5 VO2max: 266–281W (110–115% FTP) · easy between Z1 <133W (<55%) · HR <130 · RPE 1–2 | K33: 8–9 | L33: Water/electrolytes only | M33: 18 | P33: AM
A34: 4 | B34: 46329 | C34: Tue | D34: Base 1 | E34: Strength | F34: Strength A — base | G34: 40 | I34: Do this AFTER the bike intervals — ideally 6h+ later (bike AM, gym PM). Lower — max strength & bone loading: back squat or trap-bar DL 4×6, Bulgarian split squat 3×8/leg, seated soleus raise 3×12 heavy, single-leg calf raise 3×15, tibialis raise 3×15, pogo hops 3×20 (progress to single-leg hops from wk 8), Copenhagen plank 3×20s. See Strength tab. | J34: RPE 7–8 on main lifts, 1–3 reps in reserve | K34: 7–8 | M34: 0 | P34: PM
A35: 4 | B35: 46330 | C35: Wed | D35: Base 1 | E35: Swim | F35: CSS / threshold | G35: 50 | H35: 2.4 | I35: WU 400 + 4×50 build /15s. MS 14×100 @ CSS 1:32–1:36 /15s + 4×50 @ ≤1:30 /20s. CD 200 easy (+200 pull if time). | J35: Z4 CSS 1:32–1:36/100m · RPE 7; 50s Z5 ≤1:30/100m · RPE 8–9 | K35: 7–8 | M35: 23 | P35: Midday
A36: 4 | B36: 46330 | C36: Wed | D36: Base 1 | E36: Run | F36: Walk-run (stage 2) | G36: 25 | H36: 2 | I36: RETURN-TO-RUN stage 2: 5' brisk walk, 6×(2' run / 1' walk), finish with walk. Flat, soft surface (grass/path), short quick steps (cadence +5%). Alternate days only. Bone rule: pain ≤2/10 during, none next morning — else stop, 2 days off, drop back one stage. | J36: Z1 HR ≤141 · RPE 2–3 | K36: 2–3 | L36: Water/electrolytes only | M36: 0 | P36: AM
A37: 4 | B37: 46331 | C37: Thu | D37: Base 1 | E37: Bike | F37: Endurance ride | G37: 50 | H37: 25 | I37: Zwift endurance. 10' WU 120→150W, 35' steady @ 150–175W, cadence 85–95, 5' easy. | J37: Z2 150–175W (62–72%) · HR 130–143 · RPE 3–4 | K37: 3–4 | L37: Water/electrolytes only | M37: 0 | P37: AM
A38: 4 | B38: 46331 | C38: Thu | D38: Base 1 | E38: Strength | F38: Strength B — base | G38: 35 | I38: Posterior chain + upper: Romanian DL 3×8, hip thrust 3×10, step-ups 3×8/leg, pull-ups 4×6, push-ups or DB press 3×10, single-arm row 3×10, Pallof press 3×10, dead bug 3×10. See Strength tab. | J38: RPE 7–8 on main lifts, 1–3 reps in reserve | K38: 7–8 | M38: 0 | P38: PM
A39: 4 | B39: 46332 | C39: Fri | D39: Base 1 | E39: Swim | F39: Long aerobic swim | G39: 50 | H39: 2.5 | I39: WU 400 easy. MS 3×500 @ 1:42–1:48/100m /30s + 400 easy. CD 200. Hold pace — the goal is aerobic durability, not speed. | J39: Z2 1:42–1:48/100m (IM pace 1:44) · RPE 3–4 | K39: 3–4 | M39: 0 | P39: Midday
A40: 4 | B40: 46332 | C40: Fri | D40: Base 1 | E40: Run | F40: Walk-run (stage 2) | G40: 25 | H40: 2 | I40: RETURN-TO-RUN stage 2: 5' brisk walk, 6×(2' run / 1' walk), finish with walk. Flat, soft surface (grass/path), short quick steps (cadence +5%). Alternate days only. Bone rule: pain ≤2/10 during, none next morning — else stop, 2 days off, drop back one stage. | J40: Z1 HR ≤141 · RPE 2–3 | K40: 2–3 | L40: Water/electrolytes only | M40: 0 | P40: AM
A41: 4 | B41: 46333 | C41: Sat | D41: Base 1 | E41: Bike | F41: Long ride | G41: 100 | H41: 50 | I41: Long ride 1h40. First 20' Z1–low Z2, then Z2 150–175W. Smooth, steady, seated. Indoors until your outdoor kit is sorted; once outdoors, pick flat, low-traffic roads and keep the same power. | J41: Z2 150–175W (62–72%) · HR 130–143 · RPE 3–4; blocks IM power 160–172W (66–71%) · HR ≤143 · RPE 4 | K41: 3–4 | L41: 60–70 g carbs/h from minute 20 · 500–800mg sodium/h · 500–750ml fluid/h (gut training) | M41: 0 | P41: AM
A42: 4 | B42: 46334 | C42: Sun | D42: Base 1 | E42: Rest | F42: Rest | G42: 0 | I42: Rest day. | J42: — | K42: — | M42: 0
A43: 5 | B43: 46335 | C43: Mon | D43: Base 1 | E43: Swim | F43: Aerobic endurance | G43: 55 | H43: 2.8 | I43: WU 300 easy + 4×50 build /15s. MS 5×400 @ 1:42–1:48/100m, 20s rest (every 2nd rep with pull buoy) + 100 steady pull. CD 200 easy. All reps ≥50m (Watch-safe). | J43: Z2 1:42–1:48/100m (IM pace 1:44) · RPE 3–4 | K43: 3–4 | M43: 0 | P43: Midday
A44: 5 | B44: 46335 | C44: Mon | D44: Base 1 | E44: Run | F44: Walk-run (stage 3) | G44: 30 | H44: 3.3 | I44: RETURN-TO-RUN stage 3: 5' brisk walk, 5×(4' run / 1' walk), finish with walk. Flat, soft surface (grass/path), short quick steps (cadence +5%). Alternate days only. Bone rule: pain ≤2/10 during, none next morning — else stop, 2 days off, drop back one stage. | J44: Z1 HR ≤141 · RPE 2–3 | K44: 2–3 | L44: Water/electrolytes only | M44: 0 | P44: AM
A45: 5 | B45: 46336 | C45: Tue | D45: Base 1 | E45: Bike | F45: Intervals — Z5 VO2max | G45: 60 | H45: 30 | I45: Zwift structured. WU 15' Z1→Z2 incl. 3×30s @ 100+rpm. MS 5×4' @ 259–273W (107–112% FTP) /3' easy. Remaining time Z2 (150–170W). CD 5–10' easy. Cadence 85–100 on efforts. | J45: Z5 VO2max: 259–273W (107–112% FTP) · easy between Z1 <133W (<55%) · HR <130 · RPE 1–2 | K45: 8–9 | L45: Water/electrolytes only | M45: 20 | P45: AM
A46: 5 | B46: 46336 | C46: Tue | D46: Base 1 | E46: Strength | F46: Strength A — base | G46: 40 | I46: Do this AFTER the bike intervals — ideally 6h+ later (bike AM, gym PM). Lower — max strength & bone loading: back squat or trap-bar DL 4×6, Bulgarian split squat 3×8/leg, seated soleus raise 3×12 heavy, single-leg calf raise 3×15, tibialis raise 3×15, pogo hops 3×20 (progress to single-leg hops from wk 8), Copenhagen plank 3×20s. See Strength tab. | J46: RPE 7–8 on main lifts, 1–3 reps in reserve | K46: 7–8 | M46: 0 | P46: PM
A47: 5 | B47: 46337 | C47: Wed | D47: Base 1 | E47: Swim | F47: CSS / threshold | G47: 55 | H47: 2.6 | I47: WU 400 + 4×50 build /15s. MS 16×100 @ CSS 1:32–1:36 /15s + 4×50 @ ≤1:30 /20s. CD 200 easy (+200 pull if time). | J47: Z4 CSS 1:32–1:36/100m · RPE 7; 50s Z5 ≤1:30/100m · RPE 8–9 | K47: 7–8 | M47: 26 | P47: Midday
A48: 5 | B48: 46337 | C48: Wed | D48: Base 1 | E48: Run | F48: Walk-run (stage 3) | G48: 30 | H48: 3.3 | I48: RETURN-TO-RUN stage 3: 5' brisk walk, 5×(4' run / 1' walk), finish with walk. Flat, soft surface (grass/path), short quick steps (cadence +5%). Alternate days only. Bone rule: pain ≤2/10 during, none next morning — else stop, 2 days off, drop back one stage. | J48: Z1 HR ≤141 · RPE 2–3 | K48: 2–3 | L48: Water/electrolytes only | M48: 0 | P48: AM
A49: 5 | B49: 46338 | C49: Thu | D49: Base 1 | E49: Bike | F49: Endurance ride | G49: 50 | H49: 25 | I49: Zwift endurance. 10' WU 120→150W, 35' steady @ 150–175W, cadence 85–95, 5' easy. | J49: Z2 150–175W (62–72%) · HR 130–143 · RPE 3–4 | K49: 3–4 | L49: Water/electrolytes only | M49: 0 | P49: AM
A50: 5 | B50: 46338 | C50: Thu | D50: Base 1 | E50: Strength | F50: Strength B — base | G50: 35 | I50: Posterior chain + upper: Romanian DL 3×8, hip thrust 3×10, step-ups 3×8/leg, pull-ups 4×6, push-ups or DB press 3×10, single-arm row 3×10, Pallof press 3×10, dead bug 3×10. See Strength tab. | J50: RPE 7–8 on main lifts, 1–3 reps in reserve | K50: 7–8 | M50: 0 | P50: PM
A51: 5 | B51: 46339 | C51: Fri | D51: Base 1 | E51: Swim | F51: Long aerobic swim | G51: 55 | H51: 2.8 | I51: WU 400 easy. MS 4×500 @ 1:42–1:48/100m /30s + 200 easy. CD 200. Hold pace — the goal is aerobic durability, not speed. | J51: Z2 1:42–1:48/100m (IM pace 1:44) · RPE 3–4 | K51: 3–4 | M51: 0 | P51: Midday
A52: 5 | B52: 46339 | C52: Fri | D52: Base 1 | E52: Run | F52: Walk-run (stage 3) | G52: 30 | H52: 3.3 | I52: RETURN-TO-RUN stage 3: 5' brisk walk, 5×(4' run / 1' walk), finish with walk. Flat, soft surface (grass/path), short quick steps (cadence +5%). Alternate days only. Bone rule: pain ≤2/10 during, none next morning — else stop, 2 days off, drop back one stage. | J52: Z1 HR ≤141 · RPE 2–3 | K52: 2–3 | L52: Water/electrolytes only | M52: 0 | P52: AM
A53: 5 | B53: 46340 | C53: Sat | D53: Base 1 | E53: Bike | F53: Long ride | G53: 120 | H53: 60 | I53: Long ride 2h00. First 20' Z1–low Z2, then Z2 150–175W. Smooth, steady, seated. Indoors until your outdoor kit is sorted; once outdoors, pick flat, low-traffic roads and keep the same power. | J53: Z2 150–175W (62–72%) · HR 130–143 · RPE 3–4; blocks IM power 160–172W (66–71%) · HR ≤143 · RPE 4 | K53: 3–4 | L53: 60–70 g carbs/h from minute 20 · 500–800mg sodium/h · 500–750ml fluid/h (gut training) | M53: 0 | P53: AM
A54: 5 | B54: 46341 | C54: Sun | D54: Base 1 | E54: Rest | F54: Rest | G54: 0 | I54: Rest day. | J54: — | K54: — | M54: 0
A55: 6 | B55: 46342 | C55: Mon | D55: Base 1 | E55: Swim | F55: Aerobic endurance | G55: 45 | H55: 2.2 | I55: WU 300 easy + 4×50 build /15s. MS 3×400 @ 1:42–1:48/100m, 20s rest (every 2nd rep with pull buoy) + 300 steady pull. CD 200 easy. All reps ≥50m (Watch-safe). | J55: Z2 1:42–1:48/100m (IM pace 1:44) · RPE 3–4 | K55: 3–4 | M55: 0 | P55: Midday
A56: 6 | B56: 46342 | C56: Mon | D56: Base 1 | E56: Strength | F56: Strength A — base | G56: 30 | I56: Lower — max strength & bone loading: back squat or trap-bar DL 4×6, Bulgarian split squat 3×8/leg, seated soleus raise 3×12 heavy, single-leg calf raise 3×15, tibialis raise 3×15, pogo hops 3×20 (progress to single-leg hops from wk 8), Copenhagen plank 3×20s. See Strength tab. | J56: RPE 7–8 on main lifts, 1–3 reps in reserve | K56: 7–8 | M56: 0 | P56: PM
A57: 6 | B57: 46343 | C57: Tue | D57: Base 1 | E57: Bike | F57: Endurance ride | G57: 45 | H57: 22 | I57: Zwift endurance. 10' WU 120→150W, 30' steady @ 150–175W, cadence 85–95, 5' easy. | J57: Z2 150–175W (62–72%) · HR 130–143 · RPE 3–4 | K57: 3–4 | L57: Water/electrolytes only | M57: 0 | P57: AM
A58: 6 | B58: 46343 | C58: Tue | D58: Base 1 | E58: Run | F58: Walk-run (stage 3) | G58: 30 | H58: 3.3 | I58: RETURN-TO-RUN stage 3: 5' brisk walk, 5×(4' run / 1' walk), finish with walk. Flat, soft surface (grass/path), short quick steps (cadence +5%). Alternate days only. Bone rule: pain ≤2/10 during, none next morning — else stop, 2 days off, drop back one stage. | J58: Z1 HR ≤141 · RPE 2–3 | K58: 2–3 | L58: Water/electrolytes only | M58: 0 | P58: PM
A59: 6 | B59: 46344 | C59: Wed | D59: Base 1 | E59: Swim | F59: TEST: CSS 400/200 | G59: 45 | H59: 1.8 | I59: CSS TEST. WU 400 easy + 4×50 build. 400m time trial (max even effort). 300 easy (~5'). 200m time trial. CD 200. CSS/100m = (T400 − T200) ÷ 2. Update the Zones tab. | J59: Max sustainable · RPE 9 | K59: 9 | M59: 10 | P59: Midday
A60: 6 | B60: 46345 | C60: Thu | D60: Base 1 | E60: Bike | F60: Recovery spin | G60: 40 | H60: 18 | I60: Easy spin, 40' at high cadence (90–100 rpm). | J60: Z1 <133W (<55%) · HR <130 · RPE 1–2 | K60: 1–2 | L60: Water/electrolytes only | M60: 0 | P60: AM
A61: 6 | B61: 46345 | C61: Thu | D61: Base 1 | E61: Run | F61: Walk-run (stage 3) | G61: 30 | H61: 3.3 | I61: RETURN-TO-RUN stage 3: 5' brisk walk, 5×(4' run / 1' walk), finish with walk. Flat, soft surface (grass/path), short quick steps (cadence +5%). Alternate days only. Bone rule: pain ≤2/10 during, none next morning — else stop, 2 days off, drop back one stage. | J61: Z1 HR ≤141 · RPE 2–3 | K61: 2–3 | L61: Water/electrolytes only | M61: 0 | P61: PM
A62: 6 | B62: 46345 | C62: Thu | D62: Base 1 | E62: Strength | F62: Strength B — base | G62: 30 | I62: Posterior chain + upper: Romanian DL 3×8, hip thrust 3×10, step-ups 3×8/leg, pull-ups 4×6, push-ups or DB press 3×10, single-arm row 3×10, Pallof press 3×10, dead bug 3×10. See Strength tab. | J62: RPE 7–8 on main lifts, 1–3 reps in reserve | K62: 7–8 | M62: 0 | P62: PM (after run)
A63: 6 | B63: 46346 | C63: Fri | D63: Base 1 | E63: Swim | F63: Recovery swim | G63: 40 | H63: 1.8 | I63: Easy 1800m: 200s & 400s, mix free/pull, 20s rest. Long, smooth strokes. | J63: Z1 ≥1:52/100m · RPE 2 | K63: 2 | M63: 0 | P63: Midday
A64: 6 | B64: 46347 | C64: Sat | D64: Base 1 | E64: Bike | F64: TEST: FTP ramp | G64: 45 | H64: 18 | I64: Zwift RAMP TEST (FTP = 75% of best 1-min power). 10' WU easy, ramp to failure, 10' CD. Update FTP in Zwift + Zones tab; log in Strava as 'FTP SET: [W]'. Fresh legs — easy day before. | J64: To failure · RPE 10 | K64: 10 | L64: Water/electrolytes only | M64: 8 | P64: AM
A65: 6 | B65: 46348 | C65: Sun | D65: Base 1 | E65: Run | F65: Walk-run (stage 3) | G65: 30 | H65: 3.3 | I65: RETURN-TO-RUN stage 3: 5' brisk walk, 5×(4' run / 1' walk), finish with walk. Flat, soft surface (grass/path), short quick steps (cadence +5%). Alternate days only. Bone rule: pain ≤2/10 during, none next morning — else stop, 2 days off, drop back one stage. | J65: Z1 HR ≤141 · RPE 2–3 | K65: 2–3 | L65: Water/electrolytes only | M65: 0 | P65: AM
A66: 7 | B66: 46349 | C66: Mon | D66: Base 2 | E66: Swim | F66: Aerobic endurance | G66: 55 | H66: 2.8 | I66: WU 300 easy + 4×50 build /15s. MS 5×400 @ 1:42–1:48/100m, 20s rest (every 2nd rep with pull buoy) + 100 steady pull. CD 200 easy. All reps ≥50m (Watch-safe). | J66: Z2 1:42–1:48/100m (IM pace 1:44) · RPE 3–4 | K66: 3–4 | M66: 0 | P66: Midday
A67: 7 | B67: 46349 | C67: Mon | D67: Base 2 | E67: Run | F67: Walk-run (stage 4) | G67: 30 | H67: 4 | I67: RETURN-TO-RUN stage 4: 5' brisk walk, 3×(8' run / 1' walk), finish with walk. Flat, soft surface (grass/path), short quick steps (cadence +5%). Alternate days only. Bone rule: pain ≤2/10 during, none next morning — else stop, 2 days off, drop back one stage. | J67: Z1 HR ≤141 · RPE 2–3 | K67: 2–3 | L67: Water/electrolytes only | M67: 0 | P67: AM
A68: 7 | B68: 46350 | C68: Tue | D68: Base 2 | E68: Bike | F68: Intervals — Z5 VO2max | G68: 70 | H68: 35 | I68: Zwift structured. WU 15' Z1→Z2 incl. 3×30s @ 100+rpm. MS 6×4' @ 259–273W (107–112% FTP) /3' easy. Remaining time Z2 (150–170W). CD 5–10' easy. Cadence 85–100 on efforts. | J68: Z5 VO2max: 259–273W (107–112% FTP) · easy between Z1 <133W (<55%) · HR <130 · RPE 1–2 | K68: 8–9 | L68: Water/electrolytes only | M68: 24 | P68: AM
A69: 7 | B69: 46350 | C69: Tue | D69: Base 2 | E69: Strength | F69: Strength A — base | G69: 45 | I69: Do this AFTER the bike intervals — ideally 6h+ later (bike AM, gym PM). Lower — max strength & bone loading: back squat or trap-bar DL 4×6, Bulgarian split squat 3×8/leg, seated soleus raise 3×12 heavy, single-leg calf raise 3×15, tibialis raise 3×15, pogo hops 3×20 (progress to single-leg hops from wk 8), Copenhagen plank 3×20s. See Strength tab. | J69: RPE 7–8 on main lifts, 1–3 reps in reserve | K69: 7–8 | M69: 0 | P69: PM
A70: 7 | B70: 46351 | C70: Wed | D70: Base 2 | E70: Swim | F70: CSS / threshold | G70: 55 | H70: 2.6 | I70: WU 400 + 4×50 build /15s. MS 15×100 @ CSS 1:32–1:36 /12s + 6×50 @ ≤1:28 /20s. CD 200 easy (+200 pull if time). | J70: Z4 CSS 1:32–1:36/100m · RPE 7; 50s Z5 ≤1:30/100m · RPE 8–9 | K70: 7–8 | M70: 26 | P70: Midday
A71: 7 | B71: 46351 | C71: Wed | D71: Base 2 | E71: Run | F71: Walk-run (stage 4) | G71: 30 | H71: 4 | I71: RETURN-TO-RUN stage 4: 5' brisk walk, 3×(8' run / 1' walk), finish with walk. Flat, soft surface (grass/path), short quick steps (cadence +5%). Alternate days only. Bone rule: pain ≤2/10 during, none next morning — else stop, 2 days off, drop back one stage. | J71: Z1 HR ≤141 · RPE 2–3 | K71: 2–3 | L71: Water/electrolytes only | M71: 0 | P71: AM
A72: 7 | B72: 46352 | C72: Thu | D72: Base 2 | E72: Bike | F72: Endurance ride | G72: 50 | H72: 25 | I72: Zwift endurance. 10' WU 120→150W, 35' steady @ 150–175W, cadence 85–95, 5' easy. | J72: Z2 150–175W (62–72%) · HR 130–143 · RPE 3–4 | K72: 3–4 | L72: Water/electrolytes only | M72: 0 | P72: AM
A73: 7 | B73: 46352 | C73: Thu | D73: Base 2 | E73: Strength | F73: Strength B — base | G73: 40 | I73: Posterior chain + upper: Romanian DL 3×8, hip thrust 3×10, step-ups 3×8/leg, pull-ups 4×6, push-ups or DB press 3×10, single-arm row 3×10, Pallof press 3×10, dead bug 3×10. See Strength tab. | J73: RPE 7–8 on main lifts, 1–3 reps in reserve | K73: 7–8 | M73: 0 | P73: PM
A74: 7 | B74: 46353 | C74: Fri | D74: Base 2 | E74: Swim | F74: Long aerobic swim | G74: 55 | H74: 2.8 | I74: WU 400 easy. MS 4×500 @ 1:42–1:48/100m /30s + 200 easy. CD 200. Hold pace — the goal is aerobic durability, not speed. | J74: Z2 1:42–1:48/100m (IM pace 1:44) · RPE 3–4 | K74: 3–4 | M74: 0 | P74: Midday
A75: 7 | B75: 46353 | C75: Fri | D75: Base 2 | E75: Run | F75: Walk-run (stage 4) | G75: 30 | H75: 4 | I75: RETURN-TO-RUN stage 4: 5' brisk walk, 3×(8' run / 1' walk), finish with walk. Flat, soft surface (grass/path), short quick steps (cadence +5%). Alternate days only. Bone rule: pain ≤2/10 during, none next morning — else stop, 2 days off, drop back one stage. | J75: Z1 HR ≤141 · RPE 2–3 | K75: 2–3 | L75: Water/electrolytes only | M75: 0 | P75: AM
A76: 7 | B76: 46354 | C76: Sat | D76: Base 2 | E76: Bike | F76: Long ride | G76: 130 | H76: 65 | I76: Long ride 2h10. First 20' Z1–low Z2, then Z2 150–175W. Smooth, steady, seated. Indoors until your outdoor kit is sorted; once outdoors, pick flat, low-traffic roads and keep the same power. | J76: Z2 150–175W (62–72%) · HR 130–143 · RPE 3–4; blocks IM power 160–172W (66–71%) · HR ≤143 · RPE 4 | K76: 3–4 | L76: 60–70 g carbs/h from minute 20 · 500–800mg sodium/h · 500–750ml fluid/h (gut training) | M76: 0 | P76: AM
A77: 7 | B77: 46355 | C77: Sun | D77: Base 2 | E77: Bike | F77: Recovery spin | G77: 25 | H77: 11 | I77: Easy spin, 25' at high cadence (90–100 rpm). Replaces a 4th swim — keeps the legs moving after Saturday's long ride. | J77: Z1 <133W (<55%) · HR <130 · RPE 1–2 | K77: 1–2 | L77: Water/electrolytes only | M77: 0 | P77: AM
A78: 8 | B78: 46356 | C78: Mon | D78: Base 2 | E78: Swim | F78: Aerobic endurance | G78: 60 | H78: 3 | I78: WU 300 easy + 4×50 build /15s. MS 5×400 @ 1:42–1:48/100m, 20s rest (every 2nd rep with pull buoy) + 300 steady pull. CD 200 easy. All reps ≥50m (Watch-safe). | J78: Z2 1:42–1:48/100m (IM pace 1:44) · RPE 3–4 | K78: 3–4 | M78: 0 | P78: Midday
A79: 8 | B79: 46356 | C79: Mon | D79: Base 2 | E79: Run | F79: Easy run | G79: 25 | H79: 4.2 | I79: Easy continuous 25'. First continuous runs — flat & soft surface. Bone rule: pain ≤2/10 during, none next morning — else stop, 2 days off, drop back one stage. | J79: Z1–Z2 HR 135–149 (hard cap 149) · RPE 3–4 | K79: 3–4 | L79: Water/electrolytes only | M79: 0 | P79: AM
A80: 8 | B80: 46357 | C80: Tue | D80: Base 2 | E80: Bike | F80: Intervals — Z5 VO2max | G80: 70 | H80: 35 | I80: Zwift structured. WU 15' Z1→Z2 incl. 3×30s @ 100+rpm. MS 5×5' @ 254–266W (105–110% FTP) /3' easy. Remaining time Z2 (150–170W). CD 5–10' easy. Cadence 85–100 on efforts. | J80: Z5 VO2max: 254–266W (105–110% FTP) · easy between Z1 <133W (<55%) · HR <130 · RPE 1–2 | K80: 8–9 | L80: Water/electrolytes only | M80: 25 | P80: AM
A81: 8 | B81: 46357 | C81: Tue | D81: Base 2 | E81: Strength | F81: Strength A — base | G81: 45 | I81: Do this AFTER the bike intervals — ideally 6h+ later (bike AM, gym PM). Lower — max strength & bone loading: back squat or trap-bar DL 4×6, Bulgarian split squat 3×8/leg, seated soleus raise 3×12 heavy, single-leg calf raise 3×15, tibialis raise 3×15, pogo hops 3×20 (progress to single-leg hops from wk 8), Copenhagen plank 3×20s. See Strength tab. | J81: RPE 7–8 on main lifts, 1–3 reps in reserve | K81: 7–8 | M81: 0 | P81: PM
A82: 8 | B82: 46358 | C82: Wed | D82: Base 2 | E82: Swim | F82: CSS / threshold | G82: 60 | H82: 2.8 | I82: WU 400 + 4×50 build /15s. MS 17×100 @ CSS 1:32–1:36 /12s + 6×50 @ ≤1:28 /20s. CD 200 easy (+200 pull if time). | J82: Z4 CSS 1:32–1:36/100m · RPE 7; 50s Z5 ≤1:30/100m · RPE 8–9 | K82: 7–8 | M82: 29 | P82: Midday
A83: 8 | B83: 46359 | C83: Thu | D83: Base 2 | E83: Bike | F83: Endurance ride | G83: 50 | H83: 25 | I83: Zwift endurance. 10' WU 120→150W, 35' steady @ 150–175W, cadence 85–95, 5' easy. | J83: Z2 150–175W (62–72%) · HR 130–143 · RPE 3–4 | K83: 3–4 | L83: Water/electrolytes only | M83: 0 | P83: AM
A84: 8 | B84: 46359 | C84: Thu | D84: Base 2 | E84: Run | F84: Easy run | G84: 30 | H84: 5 | I84: Easy continuous 30'. Bone rule: pain ≤2/10 during, none next morning — else stop, 2 days off, drop back one stage. | J84: Z1–Z2 HR 135–149 (hard cap 149) · RPE 3–4 | K84: 3–4 | L84: Water/electrolytes only | M84: 0 | P84: PM
A85: 8 | B85: 46359 | C85: Thu | D85: Base 2 | E85: Strength | F85: Strength B — base | G85: 40 | I85: Posterior chain + upper: Romanian DL 3×8, hip thrust 3×10, step-ups 3×8/leg, pull-ups 4×6, push-ups or DB press 3×10, single-arm row 3×10, Pallof press 3×10, dead bug 3×10. See Strength tab. | J85: RPE 7–8 on main lifts, 1–3 reps in reserve | K85: 7–8 | M85: 0 | P85: PM (after run)
A86: 8 | B86: 46360 | C86: Fri | D86: Base 2 | E86: Swim | F86: Long aerobic swim | G86: 60 | H86: 3 | I86: WU 400 easy. MS 4×500 @ 1:42–1:48/100m /30s + 400 easy. CD 200. Hold pace — the goal is aerobic durability, not speed. | J86: Z2 1:42–1:48/100m (IM pace 1:44) · RPE 3–4 | K86: 3–4 | M86: 0 | P86: Midday
A87: 8 | B87: 46361 | C87: Sat | D87: Base 2 | E87: Bike | F87: Long ride | G87: 165 | H87: 82 | I87: Long ride 2h45. First 20' Z1–low Z2, then Z2 150–175W. Smooth, steady, seated. Indoors until your outdoor kit is sorted; once outdoors, pick flat, low-traffic roads and keep the same power. | J87: Z2 150–175W (62–72%) · HR 130–143 · RPE 3–4; blocks IM power 160–172W (66–71%) · HR ≤143 · RPE 4 | K87: 3–4 | L87: 60–70 g carbs/h from minute 20 · 500–800mg sodium/h · 500–750ml fluid/h (gut training) | M87: 0 | P87: AM
A88: 8 | B88: 46362 | C88: Sun | D88: Base 2 | E88: Bike | F88: Recovery spin | G88: 35 | H88: 16 | I88: Easy spin, 35' at high cadence (90–100 rpm). Replaces a 4th swim — keeps the legs moving after Saturday's long ride. | J88: Z1 <133W (<55%) · HR <130 · RPE 1–2 | K88: 1–2 | L88: Water/electrolytes only | M88: 0 | P88: AM
A89: 8 | B89: 46362 | C89: Sun | D89: Base 2 | E89: Run | F89: Easy run | G89: 30 | H89: 5 | I89: Easy continuous 30'. Bone rule: pain ≤2/10 during, none next morning — else stop, 2 days off, drop back one stage. | J89: Z1–Z2 HR 135–149 (hard cap 149) · RPE 3–4 | K89: 3–4 | L89: Water/electrolytes only | M89: 0 | P89: AM
A90: 9 | B90: 46363 | C90: Mon | D90: Base 2 | E90: Swim | F90: Aerobic endurance | G90: 60 | H90: 3 | I90: WU 300 easy + 4×50 build /15s. MS 5×400 @ 1:42–1:48/100m, 20s rest (every 2nd rep with pull buoy) + 300 steady pull. CD 200 easy. All reps ≥50m (Watch-safe). | J90: Z2 1:42–1:48/100m (IM pace 1:44) · RPE 3–4 | K90: 3–4 | M90: 0 | P90: Midday
A91: 9 | B91: 46363 | C91: Mon | D91: Base 2 | E91: Run | F91: Easy run | G91: 30 | H91: 5 | I91: Easy continuous 30'. Bone rule: pain ≤2/10 during, none next morning — else stop, 2 days off, drop back one stage. | J91: Z1–Z2 HR 135–149 (hard cap 149) · RPE 3–4 | K91: 3–4 | L91: Water/electrolytes only | M91: 0 | P91: AM
A92: 9 | B92: 46364 | C92: Tue | D92: Base 2 | E92: Bike | F92: Intervals — Z5 VO2max | G92: 75 | H92: 38 | I92: Zwift structured. WU 15' Z1→Z2 incl. 3×30s @ 100+rpm. MS 6×5' @ 254–266W (105–110% FTP) /3' easy. Remaining time Z2 (150–170W). CD 5–10' easy. Cadence 85–100 on efforts. | J92: Z5 VO2max: 254–266W (105–110% FTP) · easy between Z1 <133W (<55%) · HR <130 · RPE 1–2 | K92: 8–9 | L92: 40–60 g carbs/h + electrolytes | M92: 30 | P92: AM
A93: 9 | B93: 46364 | C93: Tue | D93: Base 2 | E93: Strength | F93: Strength A — base | G93: 45 | I93: Do this AFTER the bike intervals — ideally 6h+ later (bike AM, gym PM). Lower — max strength & bone loading: back squat or trap-bar DL 4×6, Bulgarian split squat 3×8/leg, seated soleus raise 3×12 heavy, single-leg calf raise 3×15, tibialis raise 3×15, pogo hops 3×20 (progress to single-leg hops from wk 8), Copenhagen plank 3×20s. See Strength tab. | J93: RPE 7–8 on main lifts, 1–3 reps in reserve | K93: 7–8 | M93: 0 | P93: PM
A94: 9 | B94: 46365 | C94: Wed | D94: Base 2 | E94: Swim | F94: CSS / threshold | G94: 60 | H94: 2.8 | I94: WU 400 + 4×50 build /15s. MS 17×100 @ CSS 1:32–1:36 /12s + 6×50 @ ≤1:28 /20s. CD 200 easy (+200 pull if time). | J94: Z4 CSS 1:32–1:36/100m · RPE 7; 50s Z5 ≤1:30/100m · RPE 8–9 | K94: 7–8 | M94: 29 | P94: Midday
A95: 9 | B95: 46366 | C95: Thu | D95: Base 2 | E95: Bike | F95: Endurance ride | G95: 50 | H95: 25 | I95: Zwift endurance. 10' WU 120→150W, 35' steady @ 150–175W, cadence 85–95, 5' easy. | J95: Z2 150–175W (62–72%) · HR 130–143 · RPE 3–4 | K95: 3–4 | L95: Water/electrolytes only | M95: 0 | P95: AM
A96: 9 | B96: 46366 | C96: Thu | D96: Base 2 | E96: Run | F96: Easy run | G96: 30 | H96: 5 | I96: Easy continuous 30'. Bone rule: pain ≤2/10 during, none next morning — else stop, 2 days off, drop back one stage. | J96: Z1–Z2 HR 135–149 (hard cap 149) · RPE 3–4 | K96: 3–4 | L96: Water/electrolytes only | M96: 0 | P96: PM
A97: 9 | B97: 46366 | C97: Thu | D97: Base 2 | E97: Strength | F97: Strength B — base | G97: 40 | I97: Posterior chain + upper: Romanian DL 3×8, hip thrust 3×10, step-ups 3×8/leg, pull-ups 4×6, push-ups or DB press 3×10, single-arm row 3×10, Pallof press 3×10, dead bug 3×10. See Strength tab. | J97: RPE 7–8 on main lifts, 1–3 reps in reserve | K97: 7–8 | M97: 0 | P97: PM (after run)
A98: 9 | B98: 46367 | C98: Fri | D98: Base 2 | E98: Swim | F98: Long aerobic swim | G98: 60 | H98: 3 | I98: WU 400 easy. MS 4×500 @ 1:42–1:48/100m /30s + 400 easy. CD 200. Hold pace — the goal is aerobic durability, not speed. | J98: Z2 1:42–1:48/100m (IM pace 1:44) · RPE 3–4 | K98: 3–4 | M98: 0 | P98: Midday
A99: 9 | B99: 46368 | C99: Sat | D99: Base 2 | E99: Bike | F99: Long ride | G99: 180 | H99: 90 | I99: Long ride 3h00. First 20' Z1–low Z2, then Z2 150–175W. Last 20' @ IM power 160–172W. Indoors until your outdoor kit is sorted; once outdoors, pick flat, low-traffic roads and keep the same power. | J99: Z2 150–175W (62–72%) · HR 130–143 · RPE 3–4; blocks IM power 160–172W (66–71%) · HR ≤143 · RPE 4 | K99: 3–4 | L99: 70–80 g carbs/h from minute 20 · 500–800mg sodium/h · 500–750ml fluid/h (gut training) | M99: 0 | P99: AM
A100: 9 | B100: 46368 | C100: Sat | D100: Base 2 | E100: Run | F100: Brick run | G100: 10 | H100: 1.7 | I100: BRICK — run straight off the bike (<5' transition). 10': first 5' settle with quick cadence, then IM run effort HR 140–149. Bone rule: pain ≤2/10 during, none next morning — else stop, 2 days off, drop back one stage. | J100: Z1–Z2 HR 135–149 (hard cap 149) · RPE 3–4 | K100: 4 | L100: Water/electrolytes only | M100: 0 | P100: Straight after ride
...

Sheet Zones
A1: Training zones
A2: Yellow cells are inputs. Update them after each test; every zone recalculates.
A4: Bike FTP (W) | B4: 242 | C4: Source: your ramp test (Sep 2026)
A5: Bike LTHR (bpm) | B5: 161 | C5: Source: you (Oct 2026)
A6: Bike max HR | B6: 175
A7: Run LTHR (bpm) | B7: 167
A8: Run max HR | B8: 184
A9: Swim LTHR (bpm) | B9: 152
A10: Swim max HR | B10: 168
A11: Swim CSS (sec per 100m) | B11: 94 | C11: Source: CSS test (Sep 2026). 94s = 1:34/100m
A13: Bike — power (% FTP, Coggan) & HR (% LTHR, Friel)
A14: Zone | B14: Power low (W) | C14: Power high (W) | D14: HR range | E14: Use | F14: RPE
A15: Z1 Recovery | B15: 0 | C15: =ROUND($B$4*0.55,0) -> 133 | D15: ="< "&ROUND($B$5*0.81,0) -> < 130 | E15: Recovery spins, warm-ups | F15: 1–2
A16: Z2 Endurance | B16: =ROUND($B$4*0.56,0) -> 136 | C16: =ROUND($B$4*0.75,0) -> 182 | D16: =ROUND($B$5*0.81,0)&"–"&ROUND($B$5*0.89,0) -> 130–143 | E16: Most riding. IM power = 70–75% from wk 15 (row below) | F16: 3–4
A17: IM race power (sub-11) | B17: =ROUND($B$4*0.7,0) -> 169 | C17: =ROUND($B$4*0.75,0) -> 182 | D17: ="≤ "&ROUND($B$5*0.9,0) -> ≤ 145 | E17: Ironman target; base weeks 1–14 use 66–71% | F17: 4
A18: Z3 Tempo (avoid) | B18: =ROUND($B$4*0.76,0) -> 184 | C18: =ROUND($B$4*0.9,0) -> 218 | D18: =ROUND($B$5*0.9,0)&"–"&ROUND($B$5*0.93,0) -> 145–150 | E18: Grey zone; T100 race effort only | F18: 5–6
A19: Z4 Threshold | B19: =ROUND($B$4*0.91,0) -> 220 | C19: =ROUND($B$4*1.05,0) -> 254 | D19: =ROUND($B$5*0.94,0)&"–"&ROUND($B$5*0.99,0) -> 151–159 | E19: Threshold intervals | F19: 7–8
A20: Z5 VO2max | B20: =ROUND($B$4*1.06,0) -> 257 | C20: =ROUND($B$4*1.2,0) -> 290 | D20: ="≥ "&ROUND($B$5*1,0) -> ≥ 161 | E20: 3–6' intervals | F20: 8–9
A22: Run — HR (% LTHR, Friel). Run by HR while the tibia rebuilds; pace is a guide only.
A23: Zone | B23: HR low | C23: HR high | D23: % LTHR | E23: Use | F23: RPE
A24: Z1 Recovery | C24: =ROUND($B$7*0.85,0)-1 -> 141 | D24: <85% | E24: Walk-run, shakeouts | F24: 2–3
A25: Z2 Aerobic | B25: =ROUND($B$7*0.85,0) -> 142 | C25: =ROUND($B$7*0.89,0) -> 149 | D25: 85–89% | E25: Easy and long runs. HARD CAP. London + IM run | F25: 3–4
A26: Z3 Tempo (avoid) | B26: =ROUND($B$7*0.9,0) -> 150 | C26: =ROUND($B$7*0.94,0) -> 157 | D26: 90–94% | E26: Grey zone | F26: 5–6
A27: Z4 Threshold | B27: =ROUND($B$7*0.95,0) -> 159 | C27: =ROUND($B$7*0.99,0) -> 165 | D27: 95–99% | E27: Cruise intervals (from wk 16) | F27: 7
A28: Z5 VO2 | B28: =$B$7 -> 167 | C28: =$B$8 -> 184 | D28: 100%+ | E28: Not used this season | F28: 8–9
A30: Swim — pace from CSS (HR from your wrist is unreliable in water; use pace + RPE)
A31: Zone | B31: Pace fast (/100m) | C31: Pace slow (/100m) | D31: HR (guide) | E31: Use | F31: RPE
A32: Z1 Recovery | B32: =INT(($B$11+18)/60)&":"&TEXT(MOD($B$11+18,60),"00") -> 1:52 | C32: — | D32: ="< "&ROUND($B$9*0.85,0) -> < 129 | E32: Easy / recovery | F32: 2
A33: Z2 Aerobic / IM pace | B33: =INT(($B$11+8)/60)&":"&TEXT(MOD($B$11+8,60),"00") -> 1:42 | C33: =INT(($B$11+14)/60)&":"&TEXT(MOD($B$11+14,60),"00") -> 1:48 | D33: =ROUND($B$9*0.85,0)&"–"&ROUND($B$9*0.89,0) -> 129–135 | E33: Aerobic sets; IM target pace = CSS+10s | F33: 3–4
A34: Z3 Tempo (minimise) | B34: =INT(($B$11+3)/60)&":"&TEXT(MOD($B$11+3,60),"00") -> 1:37 | C34: =INT(($B$11+7)/60)&":"&TEXT(MOD($B$11+7,60),"00") -> 1:41 | D34: =ROUND($B$9*0.9,0)&"–"&ROUND($B$9*0.94,0) -> 137–143 | E34: Rarely | F34: 5–6
A35: Z4 CSS / threshold | B35: =INT(($B$11-2)/60)&":"&TEXT(MOD($B$11-2,60),"00") -> 1:32 | C35: =INT(($B$11+2)/60)&":"&TEXT(MOD($B$11+2,60),"00") -> 1:36 | D35: =ROUND($B$9*0.95,0)&"–"&ROUND($B$9*0.99,0) -> 144–150 | E35: CSS sets | F35: 7
A36: Z5 Speed | B36: — | C36: =INT(($B$11-4)/60)&":"&TEXT(MOD($B$11-4,60),"00") -> 1:30 | D36: ="≥ "&$B$9 -> ≥ 152 | E36: 50s fast | F36: 8–9

Sheet Sub-11
A1: Sub-11 tracker
A2: Enter your test results in the yellow cells. Status updates automatically.
A4: FTP checkpoint | B4: Date | C4: Target FTP (W) | D4: Actual FTP (W) | E4: Status | F4: Notes
A5: Baseline (Sep ramp test) | B5: Sep 2026 | C5: 242 | D5: 242 | E5: =IF(D5="","—",IF(D5>=C5,"On track",IF(D5>=C5-5,"Close","Behind"))) -> On track | F5: Source: your Zwift ramp test.
A6: Week 6 ramp test | B6: Sat 21 Nov 2026 | C6: 252 | E6: =IF(D6="","—",IF(D6>=C6,"On track",IF(D6>=C6-5,"Close","Behind"))) -> — | F6: +10W: realistic after 6 weeks of base.
A7: Week 14 ramp test | B7: Tue 12 Jan 2027 | C7: 260 | E7: =IF(D7="","—",IF(D7>=C7,"On track",IF(D7>=C7-5,"Close","Behind"))) -> — | F7: On track for sub-11 if at or above target.
A8: Week 22 ramp test | B8: Tue 9 Mar 2027 | C8: 268 | E8: =IF(D8="","—",IF(D8>=C8,"On track",IF(D8>=C8-5,"Close","Behind"))) -> — | F8: Sets T100 and Cairns race power.
A9: Race FTP needed | B9: 13 Jun 2027 | C9: 268 | E9: =IF(D9="","—",IF(D9>=C9,"On track",IF(D9>=C9-5,"Close","Behind"))) -> — | F9: ~270W lets 190–200W NP be ~72% FTP.
A11: Race power from latest FTP
A12: Latest FTP (W) | B12: =IFERROR(LOOKUP(2,1/(D5:D9<>""),D5:D9),242) -> 242
A13: IM NP at 70% / 75% (W) | B13: =ROUND(B12*0.7,0) -> 169 | C13: =ROUND(B12*0.75,0) -> 182
A14: W/kg at 75% (80kg) | B14: =ROUND(C13/80,2) -> 2.28
A16: Split targets
A17: Leg | B17: Sub-11 | C17: Fallback | F17: Key requirement
A18: Swim 3.8km | B18: 1:05 | C18: 1:07 | F18: 1:42/100m incl. sighting; open water from wk 17.
A19: T1 + T2 | B19: 0:10 | C19: 0:12 | F19: Practise at the T100; Cairns transitions are long.
A20: Bike 180km | B20: 5:30 | C20: 5:50 | F20: 190–200W NP in aero; TT bike fitted by ~January.
A21: Run 42.2km | B21: 4:10 | C21: 4:15 | F21: HR ≤149 to 30km; walk aid stations; tibia healthy.
A22: Total | B22: 10:55 | C22: 11:24
A24: T100 go/no-go test (Sun 21 Mar)
A25: Bike 80km at ~200W NP (or ≥74% of FTP) with HR ≤150 in aero.
A26: Run 18km at HR ≤149 for 12km, finishing strong with no fade and no shin pain.
A27: Both met → race Cairns for sub-11. Either missed → race the fallback plan (~11:15–11:30).

Sheet Strength
A1: Phase (weeks) | B1: Session | C1: Exercises (sets × reps) | D1: Load / notes
A2: Base (1–14) | B2: A — Tue, after bike intervals | C2: Lower — max strength & bone loading: back squat or trap-bar DL 4×6, Bulgarian split squat 3×8/leg, seated soleus raise 3×12 heavy, single-leg calf raise 3×15, tibialis raise 3×15, pogo hops 3×20 (progress to single-leg hops from wk 8), Copenhagen plank 3×20s. | D2: Wks 1–5: 3×8–10 at RPE 7 to learn; wks 7–13: 4×5–6 heavy (2 reps in reserve). Hops: start double-leg pogos; single-leg from wk 8 only if pain-free.
A3: Base (1–14) | B3: B — Thu | C3: Posterior chain + upper: Romanian DL 3×8, hip thrust 3×10, step-ups 3×8/leg, pull-ups 4×6, push-ups or DB press 3×10, single-arm row 3×10, Pallof press 3×10, dead bug 3×10. | D3: Moderate–heavy, 2 RIR. Keep 48h before Sat long ride.
A4: Build (15–30) | B4: A — Tue, after bike intervals | C4: Lower — maintenance (heavy, low volume): trap-bar DL 3×5, split squat 2×6/leg, soleus raise 3×10 heavy, single-leg hops 3×10/leg, box jump 3×5, side plank 2×30s. | D4: Maintain max strength in fewer sets. Explosive intent on hops/jumps.
A5: Build (15–30) | B5: B — Fri | C5: Upper/core/hips (light legs — long ride tomorrow): pull-ups 3×6, band pull-aparts 3×15, DB press 3×8, lateral band walks 2×15, single-leg RDL 2×8 (light), Pallof press 3×10, swimmer's Y-T-W 2×10. | D5: Deliberately light on legs: big ride on Saturday.
A6: Peak (31–33) | B6: A — Tue, after bike intervals | C6: Short maintenance: trap-bar DL 2×5, soleus raise 2×10, single-leg hops 2×10/leg, side plank 2×30s. | D6: 20–30 min. Nothing to failure.
A7: Peak (31–33) | B7: B — Fri | C7: Upper/core & mobility: pull-ups 2×6, band work, Pallof press, hip mobility flow. | D7: Mobility focus.
A8: Taper (34) | B8: A — Tue only | C8: Short maintenance as Peak A at ~60% load. | D8: Last strength session: Tue 1 Jun. None in race week.
A9: Recovery weeks | B9: A & B | C9: Same exercises, ~2/3 sets, 20–30% lighter. | D9: Leave feeling fresher than you started.

Sheet Race Day
A1: Race execution
A3: IRONMAN Cairns — Sun 13 Jun 2027
A4: Swim 3.8km | B4: Target 1:42–1:46/100m (~64–68'). Start wide and calm for the first 200m, find feet, sight every 6–9 strokes. Z2 effort; you should exit feeling you held back.
A5: Bike 180km | B5: 70–75% FTP NP: 170–182W at today's 242W, ~188–200W if FTP reaches 268W. Set the final number after the wk-22 test and the T100. HR ≤145. Cap rises at 220W. Sub-11 needs ~5:30; a fallback day is ~5:50–6:05. Eat on a timer: 90–100 g carbs/h, 700–1000 mg sodium/h, 600–900 ml/h; more fluid if hot.
A6: Run 42.2km | B6: Km 0–10: HR 135–145, run slower than it feels you should (≈6:00–6:15/km). Km 10–30: HR ≤149, walk 10–20s at every aid station. Km 30–42: race whatever is left. Carbs 60–90 g/h (gels + cola late), sodium 500–800 mg/h.
A7: Sub-11 target | B7: Swim ~1:05 + T1/T2 ~10' + bike ~5:30 + run ~4:10 ≈ 10:55. Needs FTP ~265–275W and a fitted TT bike. See the Sub-11 tab.
A8: Fallback | B8: If the T100 test isn't met: bike ~5:50 at 68–70% FTP, run ~4:15 → ~11:15–11:30. A well-run 11:20 beats a sub-11 attempt that falls apart at 25km.
A9: Carb load | B9: Fri–Sat: 8–10 g carbs/kg (≈640–800 g/day), low fibre. Race breakfast 3h before: 120–160 g carbs.
A11: Gold Coast T100 — Sun 21 Mar 2027 (2km / 80km / 18km)
A12: Purpose | B12: IM rehearsal: wetsuit, mass start, transitions, nutrition. Not an all-out effort, because London is 5 weeks later.
A13: Targets | B13: Swim 1:40–1:44/100m · Bike 175–190W (72–78% FTP), HR ≤150 · Run HR ≤149 for 12km, then ≤155 if the tibia is quiet.
A15: London Marathon — Sun 25 Apr 2027
A16: Purpose | B16: A long Z2 training run in a great atmosphere. Not a PB.
A17: Targets | B17: HR cap 149 (≈5:35–5:50/km → ~4:00). Fuel 60–90 g/h exactly as at Cairns. Stop if you get focal shin pain.
A18: After | B18: 5 days no running · swim, walk, gym bike · first run Sat 1 May only if pain-free hopping.
